datetime,level_msl_m,q_cms,rain_mm
2026-09-08T16:19:00,-4.990,-0.240,-4.990
2026-09-08T16:29:00,-4.990,-0.240,-4.990
2026-09-08T16:44:00,-4.990,-0.240,4.050
2026-09-08T16:59:00,-4.990,0.050,4.060
2026-09-08T17:14:00,-4.990,1.000,4.030
2026-09-08T17:29:00,-4.990,0.000,3.990
2026-09-08T17:44:00,4.000,-4.990,
2026-09-08T17:59:00,4.000,-4.990,
2026-09-08T18:15:00,4.000,-4.990,
2026-09-08T18:29:00,4.000,-4.990,
2026-09-08T18:45:00,3.970,-4.990,
2026-09-08T18:59:00,3.970,-4.990,
2026-09-08T19:14:00,3.970,-4.990,
2026-09-08T19:29:00,3.970,-4.990,
2026-09-08T19:45:00,3.970,-4.990,
2026-09-08T20:00:00,3.970,-4.990,
2026-09-08T20:14:00,3.970,-4.990,
2026-09-08T20:30:00,3.980,-4.990,
2026-09-08T20:45:00,3.980,-4.990,
2026-09-08T20:59:00,3.980,-4.990,
2026-09-08T21:14:00,3.980,-4.990,
2026-09-08T21:29:00,3.980,-4.990,
2026-09-08T21:45:00,3.980,-4.990,
2026-09-08T22:00:00,3.980,-4.990,
2026-09-08T22:15:00,3.980,-4.990,
2026-09-08T22:29:00,3.970,-4.990,
2026-09-08T22:44:00,3.970,-4.990,
2026-09-08T22:59:00,3.970,-4.990,
2026-09-08T23:15:00,3.980,-4.990,
2026-09-08T23:30:00,3.980,-4.990,
2026-09-08T23:44:00,3.980,-4.990,
2026-09-08T23:59:00,3.980,-4.990,
2026-09-09T00:14:00,3.980,-4.990,
2026-09-09T00:30:00,3.970,-4.990,
2026-09-09T00:44:00,3.980,-4.990,
2026-09-09T00:59:00,3.980,-4.990,
2026-09-09T01:14:00,3.980,-4.990,
2026-09-09T01:29:00,3.980,-4.990,
2026-09-09T01:45:00,3.980,-4.990,
2026-09-09T01:59:00,3.970,-4.990,
2026-09-09T02:15:00,3.980,-4.990,
2026-09-09T02:30:00,3.980,-4.990,
2026-09-09T02:44:00,3.980,-4.990,
2026-09-09T02:59:00,3.980,-4.990,
2026-09-09T03:14:00,3.980,-4.990,
2026-09-09T03:30:00,3.980,-4.990,
2026-09-09T03:44:00,3.980,-4.990,
2026-09-09T04:00:00,3.970,-4.990,
2026-09-09T04:15:00,3.970,-4.990,
2026-09-09T04:29:00,3.980,-4.990,
2026-09-09T04:44:00,3.980,-4.990,
2026-09-09T04:59:00,3.980,-4.990,
2026-09-09T05:14:00,3.980,-4.990,
2026-09-09T05:29:00,3.980,-4.990,
2026-09-09T05:44:00,3.980,-4.990,
2026-09-09T06:00:00,3.980,-4.990,
2026-09-09T06:15:00,3.980,-4.990,
2026-09-09T06:29:00,3.980,-4.990,
2026-09-09T06:45:00,3.980,-4.990,
2026-09-09T06:59:00,3.980,-4.990,
2026-09-09T07:15:00,3.970,-4.990,
2026-09-09T07:30:00,3.980,-4.990,
2026-09-09T07:45:00,3.970,-4.990,
2026-09-09T07:59:00,3.970,-4.990,
2026-09-09T08:14:00,3.970,-4.990,
2026-09-09T08:29:00,3.970,-4.990,
2026-09-09T08:45:00,3.970,-4.990,
2026-09-09T09:00:00,3.970,-4.990,
2026-09-09T09:14:00,3.970,-4.990,
2026-09-09T09:29:00,3.970,-4.990,
2026-09-09T09:45:00,3.970,-4.990,
2026-09-09T09:59:00,3.970,-4.990,
2026-09-09T10:14:00,3.970,-4.990,
2026-09-09T10:30:00,3.970,-4.990,
2026-09-09T10:44:00,3.970,-4.990,
2026-09-09T10:59:00,3.970,-4.990,
2026-09-09T11:15:00,3.960,-4.990,
2026-09-09T11:30:00,3.960,-4.990,
2026-09-09T11:44:00,3.960,-4.990,
2026-09-09T12:00:00,3.950,-4.990,
2026-09-09T12:15:00,3.950,-4.990,
2026-09-09T12:30:00,3.930,-4.990,
2026-09-09T12:45:00,3.940,-4.990,
2026-09-09T13:00:00,3.950,-4.990,
2026-09-09T13:15:00,3.960,-4.990,
2026-09-09T13:30:00,3.960,-4.990,
2026-09-09T13:44:00,3.960,-4.990,
2026-09-09T13:59:00,3.960,-4.990,
2026-09-09T14:15:00,3.960,-4.990,
2026-09-09T14:30:00,3.960,1.700,
2026-09-09T15:00:00,3.990,1.710,
2026-09-09T15:14:00,3.990,1.700,
2026-09-09T15:29:00,4.010,1.670,
2026-09-09T15:45:00,4.010,1.680,
2026-09-09T16:00:00,4.010,1.680,
2026-09-09T16:15:00,4.010,1.680,
2026-09-09T16:29:00,4.010,1.710,
2026-09-09T16:44:00,4.010,1.710,
2026-09-09T17:00:00,4.010,1.680,
2026-09-09T17:15:00,4.010,1.680,
2026-09-09T17:30:00,4.010,1.690,
2026-09-09T17:45:00,4.010,1.690,
2026-09-09T17:59:00,4.010,1.690,
2026-09-09T18:15:00,4.010,1.690,
2026-09-09T18:29:00,4.010,1.690,
2026-09-09T18:45:00,4.010,1.690,
2026-09-09T19:00:00,4.010,1.690,
2026-09-09T19:15:00,4.010,1.690,
2026-09-09T19:30:00,4.010,1.690,
2026-09-09T19:45:00,4.010,1.690,
2026-09-09T19:59:00,4.010,1.670,
2026-09-09T20:14:00,4.010,1.670,
2026-09-09T20:29:00,4.010,1.670,
2026-09-09T20:44:00,4.010,1.670,
2026-09-09T20:59:00,4.010,1.670,
2026-09-09T21:14:00,4.010,1.670,
2026-09-09T21:29:00,4.010,1.690,
2026-09-09T21:44:00,4.010,1.690,
2026-09-09T21:59:00,4.010,1.670,
2026-09-09T22:15:00,4.010,1.670,
2026-09-09T22:29:00,4.010,1.670,
2026-09-09T22:44:00,4.010,1.670,
2026-09-09T22:59:00,4.010,1.670,
2026-09-09T23:14:00,4.010,1.670,
2026-09-09T23:29:00,4.010,1.670,
2026-09-09T23:45:00,4.010,1.670,
2026-09-09T23:59:00,4.010,1.670,
2026-09-10T00:14:00,4.010,1.670,
2026-09-10T00:29:00,4.010,1.670,
2026-09-10T00:44:00,4.010,1.670,
2026-09-10T00:59:00,4.010,1.670,
2026-09-10T01:14:00,4.010,1.670,
2026-09-10T01:29:00,4.010,1.670,
2026-09-10T01:44:00,4.010,1.670,
2026-09-10T01:59:00,4.010,1.670,
2026-09-10T02:14:00,4.010,1.670,
2026-09-10T02:30:00,4.010,1.670,
2026-09-10T02:44:00,4.010,1.670,
2026-09-10T02:59:00,4.010,1.670,
2026-09-10T03:14:00,4.010,1.670,
2026-09-10T03:29:00,4.010,1.670,
2026-09-10T03:44:00,4.010,1.670,
2026-09-10T03:59:00,4.010,1.670,
2026-09-10T04:14:00,4.010,1.670,
2026-09-10T04:29:00,4.010,1.670,
2026-09-10T04:44:00,4.010,1.670,
2026-09-10T04:59:00,4.010,1.670,
2026-09-10T05:14:00,4.010,1.670,
2026-09-10T05:29:00,4.010,1.680,
2026-09-10T05:44:00,4.010,1.680,
2026-09-10T05:59:00,4.020,1.740,
2026-09-10T06:14:00,4.020,1.740,
2026-09-10T06:29:00,4.030,1.730,
2026-09-10T06:44:00,4.020,1.730,
2026-09-10T06:59:00,4.030,1.730,
2026-09-10T07:14:00,4.030,1.730,
2026-09-10T07:29:00,4.030,1.740,
2026-09-10T07:44:00,4.030,1.740,
2026-09-10T07:59:00,4.030,1.740,
2026-09-10T08:14:00,4.030,1.740,
2026-09-10T08:29:00,4.030,1.740,
2026-09-10T08:44:00,4.030,1.740,
2026-09-10T08:59:00,4.030,1.740,
2026-09-10T09:14:00,4.030,1.740,
2026-09-10T09:29:00,4.030,1.740,
2026-09-10T09:44:00,4.030,1.740,
2026-09-10T09:59:00,4.030,1.740,
2026-09-10T10:14:00,4.030,1.740,
2026-09-10T10:29:00,4.030,1.740,
2026-09-10T10:44:00,4.030,1.740,
2026-09-10T10:59:00,4.030,1.720,
2026-09-10T11:15:00,4.030,1.720,
2026-09-10T11:29:00,4.030,1.720,
2026-09-10T11:44:00,4.030,1.720,
2026-09-10T11:59:00,4.030,1.730,
2026-09-10T12:14:00,4.030,1.730,
2026-09-10T12:29:00,4.030,1.720,
2026-09-10T12:44:00,4.030,1.720,
2026-09-10T13:00:00,4.020,1.720,
2026-09-10T13:14:00,4.020,1.720,
2026-09-10T13:29:00,4.030,1.720,
2026-09-10T13:45:00,4.020,1.720,
2026-09-10T13:59:00,4.020,1.750,
2026-09-10T14:14:00,4.020,1.750,
2026-09-10T14:29:00,4.030,1.720,
2026-09-10T14:44:00,4.020,1.720,
2026-09-10T14:59:00,4.020,1.740,
2026-09-10T15:14:00,4.020,1.740,
2026-09-10T15:29:00,4.020,1.740,
2026-09-10T15:44:00,4.020,1.740,
2026-09-10T15:59:00,4.020,1.720,
2026-09-10T16:14:00,4.020,1.720,
2026-09-10T16:29:00,4.030,1.710,
2026-09-10T16:44:00,4.030,1.710,
2026-09-10T16:59:00,4.020,1.710,
2026-09-10T17:14:00,4.020,1.710,
2026-09-10T17:29:00,4.030,1.710,
2026-09-10T17:44:00,4.030,1.710,
2026-09-10T17:59:00,4.020,1.710,
2026-09-10T18:14:00,4.020,1.710,
2026-09-10T18:29:00,4.020,1.710,
2026-09-10T18:44:00,4.020,1.710,
2026-09-10T19:00:00,4.020,1.710,
2026-09-10T19:14:00,4.020,1.710,
2026-09-10T19:30:00,4.020,1.710,
2026-09-10T19:44:00,4.020,1.710,
2026-09-10T20:00:00,4.020,1.700,
2026-09-10T20:15:00,4.020,1.700,
2026-09-10T20:29:00,4.020,1.700,
2026-09-10T20:45:00,4.030,1.700,
2026-09-10T20:59:00,4.030,1.700,
2026-09-10T21:15:00,4.020,1.700,
2026-09-10T21:29:00,4.020,1.700,
2026-09-10T21:45:00,4.020,1.700,
2026-09-10T21:59:00,4.020,1.700,
2026-09-10T22:14:00,4.020,1.690,
2026-09-10T22:29:00,4.020,1.700,
2026-09-10T22:45:00,4.020,1.700,
2026-09-10T22:59:00,4.020,1.690,
2026-09-10T23:14:00,4.020,1.690,
2026-09-10T23:29:00,4.020,1.690,
2026-09-10T23:44:00,4.020,1.690,
2026-09-10T23:59:00,4.020,1.690,
2026-09-11T00:14:00,4.020,1.690,
2026-09-11T00:29:00,4.020,1.690,
2026-09-11T00:44:00,4.020,1.690,
2026-09-11T00:59:00,4.020,1.690,
2026-09-11T01:15:00,4.020,1.690,
2026-09-11T01:29:00,4.020,1.690,
2026-09-11T01:44:00,4.020,1.690,
2026-09-11T01:59:00,4.020,1.690,
2026-09-11T02:14:00,4.020,1.690,
2026-09-11T02:30:00,4.020,1.690,
2026-09-11T02:44:00,4.020,1.690,
2026-09-11T02:59:00,4.020,1.690,
2026-09-11T03:15:00,4.010,1.690,
2026-09-11T03:30:00,4.020,1.690,
2026-09-11T03:44:00,4.020,1.690,
2026-09-11T03:59:00,4.020,1.690,
2026-09-11T04:14:00,4.020,1.690,
2026-09-11T04:29:00,4.020,1.690,
2026-09-11T04:45:00,4.010,1.690,
2026-09-11T05:00:00,4.010,1.690,
2026-09-11T05:14:00,4.020,1.690,
2026-09-11T05:30:00,4.020,1.710,
2026-09-11T05:44:00,4.020,1.710,
2026-09-11T05:59:00,4.020,1.720,
2026-09-11T06:14:00,4.030,1.720,
2026-09-11T06:29:00,4.030,1.720,
2026-09-11T06:44:00,4.030,1.730,
2026-09-11T07:00:00,4.030,1.740,
2026-09-11T07:14:00,4.040,1.750,
2026-09-11T07:29:00,4.040,1.750,
2026-09-11T07:44:00,4.030,1.750,
2026-09-11T07:59:00,4.030,1.750,
2026-09-11T08:15:00,4.030,1.750,
2026-09-11T08:29:00,4.030,1.750,
2026-09-11T08:44:00,4.030,1.750,
2026-09-11T09:00:00,4.030,1.740,
2026-09-11T09:15:00,4.030,1.740,
2026-09-11T09:30:00,4.030,1.750,
2026-09-11T09:44:00,4.040,1.750,
2026-09-11T09:59:00,4.040,1.740,
2026-09-11T10:15:00,4.040,1.740,
2026-09-11T10:30:00,4.040,1.740,
2026-09-11T10:44:00,4.040,1.740,
2026-09-11T10:59:00,4.040,1.740,
2026-09-11T11:15:00,4.030,1.740,
2026-09-11T11:30:00,4.030,1.770,
2026-09-11T11:44:00,4.030,1.770,
2026-09-11T12:00:00,4.030,1.770,
2026-09-11T12:15:00,4.030,1.770,
2026-09-11T12:29:00,4.030,1.730,
2026-09-11T12:45:00,4.030,1.730,
2026-09-11T13:00:00,4.030,1.740,
2026-09-11T13:15:00,4.030,1.740,
2026-09-11T13:29:00,4.030,1.740,
2026-09-11T13:44:00,4.030,1.740,
2026-09-11T14:00:00,4.030,1.750,
2026-09-11T14:14:00,4.020,1.750,
2026-09-11T14:30:00,4.030,1.750,
2026-09-11T14:45:00,4.030,1.750,
2026-09-11T15:00:00,4.030,1.770,
2026-09-11T15:14:00,4.030,1.770,
2026-09-11T15:30:00,4.030,1.730,
2026-09-11T15:45:00,4.030,1.730,
2026-09-11T15:59:00,4.030,1.740,
2026-09-11T16:15:00,4.030,1.740,
2026-09-11T16:30:00,4.030,1.750,
2026-09-11T16:44:00,4.030,1.750,
2026-09-11T16:59:00,4.030,1.730,
2026-09-11T17:15:00,4.030,1.730,
2026-09-11T17:30:00,4.030,1.730,
2026-09-11T17:44:00,4.030,1.730,
2026-09-11T17:59:00,4.030,1.720,
2026-09-11T18:14:00,4.030,1.720,
2026-09-11T18:29:00,4.030,1.720,
2026-09-11T18:44:00,4.030,1.720,
2026-09-11T22:29:00,4.020,1.700,
2026-09-11T22:47:00,4.020,1.700,
2026-09-12T15:59:00,4.010,1.680,
2026-09-12T16:14:00,4.010,1.680,
2026-09-12T16:29:00,4.010,1.690,
2026-09-12T16:44:00,4.010,1.690,
2026-09-12T16:59:00,4.010,1.700,
2026-09-12T17:14:00,4.020,1.700,
2026-09-12T17:29:00,4.010,1.700,
2026-09-12T17:44:00,4.010,1.700,
2026-09-12T17:59:00,4.010,1.680,
2026-09-12T18:15:00,4.010,1.680,
2026-09-12T18:29:00,4.010,1.690,
2026-09-12T18:44:00,4.010,1.690,
2026-09-12T18:59:00,4.010,1.690,
2026-09-12T19:14:00,4.010,1.690,
2026-09-12T19:29:00,4.010,1.680,
2026-09-12T19:44:00,4.010,1.680,
2026-09-12T19:59:00,4.010,1.670,
2026-09-12T20:14:00,4.010,1.670,
2026-09-12T20:29:00,4.020,1.670,
2026-09-12T20:45:00,4.020,1.670,
2026-09-12T21:00:00,4.010,1.670,
2026-09-12T21:15:00,4.010,1.670,
2026-09-12T21:29:00,4.010,1.670,
2026-09-12T21:45:00,4.010,1.670,
2026-09-12T22:00:00,4.020,1.670,
2026-09-12T22:14:00,4.010,1.670,
2026-09-12T22:30:00,4.010,1.660,
2026-09-12T22:44:00,4.020,1.660,
2026-09-12T22:59:00,4.020,1.670,
2026-09-12T23:14:00,4.010,1.670,
2026-09-12T23:29:00,4.010,1.670,
2026-09-12T23:44:00,4.020,1.670,
2026-09-13T00:00:00,4.020,1.670,
2026-09-13T00:15:00,4.010,1.670,
2026-09-13T00:29:00,4.010,1.670,
2026-09-13T00:45:00,4.010,1.660,
2026-09-13T01:00:00,4.010,1.660,
2026-09-13T01:14:00,4.010,1.660,
2026-09-13T01:30:00,4.010,1.660,
2026-09-13T01:44:00,4.020,1.660,
2026-09-13T01:59:00,4.010,1.670,
2026-09-13T02:14:00,4.010,1.670,
2026-09-13T02:30:00,4.010,1.660,
2026-09-13T02:45:00,4.010,1.660,
2026-09-13T02:59:00,4.010,1.660,
2026-09-13T03:14:00,4.010,1.660,
2026-09-13T03:29:00,4.010,1.660,
2026-09-13T03:45:00,4.010,1.660,
2026-09-13T03:59:00,4.020,1.660,
2026-09-13T04:14:00,4.020,1.660,
2026-09-13T04:30:00,4.010,1.660,
2026-09-13T04:44:00,4.010,1.660,
2026-09-13T05:00:00,4.020,1.670,
2026-09-13T05:14:00,4.010,1.670,
2026-09-13T05:29:00,4.010,1.660,
2026-09-13T05:44:00,4.010,1.660,
2026-09-13T06:00:00,4.020,1.660,
2026-09-13T06:14:00,4.010,1.660,
2026-09-13T06:30:00,4.010,1.660,
2026-09-13T06:45:00,4.010,1.660,
2026-09-13T07:00:00,4.010,1.660,
2026-09-13T07:14:00,4.010,1.660,
2026-09-13T07:29:00,4.010,1.670,
2026-09-13T07:44:00,4.010,1.670,
2026-09-13T08:00:00,4.010,1.650,
2026-09-13T08:14:00,4.010,1.650,
2026-09-13T08:30:00,4.010,1.660,
2026-09-13T08:45:00,4.010,1.660,
2026-09-13T08:59:00,4.010,1.660,
2026-09-13T09:14:00,4.010,1.660,
2026-09-13T09:29:00,4.010,1.660,
2026-09-13T09:45:00,4.010,1.660,
2026-09-13T10:00:00,4.010,1.660,
2026-09-13T10:14:00,4.010,1.660,
2026-09-13T10:30:00,4.010,1.660,
2026-09-13T10:44:00,4.010,1.660,
2026-09-13T10:59:00,4.010,1.660,
2026-09-13T11:15:00,4.010,1.660,
2026-09-13T11:29:00,4.010,1.660,
2026-09-13T11:44:00,4.010,1.660,
2026-09-13T11:59:00,4.010,1.660,
2026-09-13T12:14:00,4.010,1.660,
2026-09-13T12:29:00,4.010,1.670,
2026-09-13T12:45:00,4.010,1.670,
2026-09-13T13:00:00,4.010,1.680,
2026-09-13T13:15:00,4.010,1.680,
2026-09-13T13:29:00,4.010,1.680,
2026-09-13T13:44:00,4.010,1.680,
2026-09-13T13:59:00,4.010,1.690,
2026-09-13T14:14:00,4.010,1.690,
2026-09-13T14:29:00,4.010,1.660,
2026-09-13T14:45:00,4.010,1.660,
2026-09-13T14:59:00,4.010,1.680,
2026-09-13T15:15:00,4.010,1.680,
2026-09-13T15:30:00,4.010,1.650,
2026-09-13T15:44:00,4.010,1.660,
2026-09-13T16:00:00,4.010,1.650,
2026-09-13T16:14:00,4.000,1.650,
2026-09-13T16:29:00,4.000,1.660,
2026-09-13T16:44:00,4.000,1.660,
2026-09-13T17:00:00,4.010,1.670,
2026-09-13T17:14:00,4.010,1.670,
2026-09-13T17:29:00,4.010,1.670,
2026-09-13T17:44:00,4.010,1.680,
2026-09-13T17:59:00,4.010,1.680,
2026-09-13T18:15:00,4.010,1.680,
2026-09-13T18:29:00,4.010,1.680,
2026-09-13T18:44:00,4.010,1.680,
2026-09-13T19:00:00,4.000,1.680,
2026-09-13T19:14:00,4.010,1.680,
2026-09-13T19:30:00,4.000,1.670,
2026-09-13T19:45:00,4.010,1.670,
2026-09-13T19:59:00,4.010,1.660,
2026-09-13T20:15:00,4.010,1.660,
2026-09-13T20:30:00,4.000,1.660,
2026-09-13T20:45:00,4.010,1.660,
2026-09-13T21:00:00,4.010,1.650,
2026-09-13T21:14:00,4.010,1.650,
2026-09-13T21:29:00,4.010,1.650,
2026-09-13T21:44:00,4.010,1.650,
2026-09-13T21:59:00,4.010,1.660,
2026-09-13T22:15:00,4.000,1.660,
2026-09-13T22:30:00,4.000,1.660,
2026-09-13T22:44:00,4.000,1.660,
2026-09-13T22:59:00,4.010,1.660,
2026-09-13T23:15:00,4.010,1.660,
2026-09-13T23:29:00,4.010,1.650,
2026-09-13T23:44:00,4.010,1.650,
2026-09-14T00:00:00,4.010,1.650,
2026-09-14T00:14:00,4.010,1.660,
2026-09-14T00:29:00,4.010,1.650,
2026-09-14T00:44:00,4.010,1.650,
2026-09-14T00:59:00,4.010,1.650,
2026-09-14T01:14:00,4.010,1.650,
2026-09-14T01:29:00,4.000,1.650,
2026-09-14T01:44:00,4.000,1.650,
2026-09-14T01:59:00,4.010,1.650,
2026-09-14T02:14:00,4.010,1.650,
2026-09-14T02:29:00,4.010,1.650,
2026-09-14T02:45:00,4.000,1.650,
2026-09-14T02:59:00,4.000,1.650,
2026-09-14T03:15:00,4.010,1.650,
2026-09-14T03:30:00,4.000,1.650,
2026-09-14T03:44:00,4.010,1.650,
2026-09-14T03:59:00,4.010,1.650,
2026-09-14T04:15:00,4.010,1.650,
2026-09-14T04:29:00,4.010,1.660,
2026-09-14T04:44:00,4.010,1.660,
2026-09-14T04:59:00,4.010,1.650,
2026-09-14T05:14:00,4.010,1.650,
2026-09-14T05:29:00,4.010,1.650,
2026-09-14T05:44:00,4.010,1.650,
2026-09-14T06:00:00,4.010,1.660,
2026-09-14T06:14:00,4.010,1.660,
2026-09-14T06:29:00,4.010,1.650,
2026-09-14T06:44:00,4.010,1.650,
2026-09-14T06:59:00,4.010,1.650,
2026-09-14T07:14:00,4.010,1.650,
2026-09-14T07:29:00,4.010,1.650,
2026-09-14T07:44:00,4.010,1.650,
2026-09-14T07:59:00,4.010,1.650,
2026-09-14T08:14:00,4.010,1.650,
2026-09-14T08:30:00,4.010,1.660,
2026-09-14T08:44:00,4.010,1.660,
2026-09-14T09:00:00,4.010,1.640,
2026-09-14T09:14:00,4.010,1.640,
2026-09-14T09:29:00,4.010,1.660,
2026-09-14T09:44:00,4.010,1.660,
2026-09-14T10:00:00,4.010,1.650,
2026-09-14T10:15:00,4.010,1.650,
2026-09-14T10:30:00,4.010,1.650,
2026-09-14T10:45:00,4.000,1.650,
2026-09-14T11:00:00,4.000,1.640,
2026-09-14T11:14:00,4.000,1.640,
2026-09-14T11:29:00,4.010,1.660,
2026-09-14T11:44:00,4.010,1.660,
2026-09-14T11:59:00,4.010,1.670,
2026-09-14T12:15:00,4.010,1.670,
2026-09-14T12:29:00,4.010,1.680,
2026-09-14T12:44:00,4.000,1.680,
2026-09-14T13:00:00,4.000,1.680,
2026-09-14T13:15:00,4.000,1.680,
2026-09-14T13:29:00,4.000,1.660,
2026-09-14T13:44:00,4.000,1.660,
2026-09-14T13:59:00,4.000,1.660,
2026-09-14T14:15:00,4.010,1.660,
2026-09-14T14:30:00,4.000,1.650,
2026-09-14T14:44:00,4.000,1.640,
2026-09-14T15:00:00,4.000,1.670,
2026-09-14T15:15:00,4.000,1.670,
2026-09-14T15:29:00,4.000,1.670,
2026-09-14T15:44:00,4.000,1.680,
2026-09-14T16:00:00,4.000,1.640,
2026-09-14T16:14:00,4.000,1.640,
2026-09-14T16:29:00,4.000,1.640,
2026-09-14T16:44:00,4.000,1.640,
2026-09-14T16:59:00,4.000,1.660,
2026-09-14T17:14:00,4.000,1.660,
2026-09-14T17:29:00,4.000,1.650,
2026-09-14T17:45:00,4.000,1.650,
2026-09-14T17:59:00,4.000,1.640,
2026-09-14T18:14:00,4.000,1.640,
2026-09-14T18:29:00,4.000,1.660,
2026-09-14T18:45:00,4.000,1.660,
2026-09-14T18:59:00,4.000,1.660,
2026-09-14T19:14:00,4.000,1.660,
2026-09-14T19:29:00,4.000,1.640,
2026-09-14T19:45:00,4.000,1.640,
2026-09-14T19:59:00,4.000,1.640,
2026-09-14T20:14:00,4.000,1.640,
2026-09-14T20:29:00,4.000,1.650,
2026-09-14T20:45:00,4.000,1.650,
2026-09-14T21:00:00,4.000,1.640,
2026-09-14T21:15:00,4.000,1.640,
2026-09-14T21:30:00,4.000,1.640,
2026-09-14T21:44:00,4.000,1.650,
2026-09-14T21:59:00,4.000,1.650,
2026-09-14T22:14:00,4.000,1.650,
2026-09-14T22:30:00,4.000,1.650,
2026-09-14T22:45:00,4.000,1.650,
2026-09-14T22:59:00,4.000,1.650,
2026-09-14T23:15:00,4.000,1.650,
2026-09-14T23:29:00,4.000,1.650,
2026-09-14T23:45:00,4.000,1.650,
2026-09-15T00:00:00,4.000,1.640,
2026-09-15T00:15:00,4.000,1.640,
2026-09-15T00:29:00,4.000,1.640,
2026-09-15T00:44:00,4.000,1.640,
2026-09-15T01:00:00,4.000,1.650,
2026-09-15T01:15:00,4.000,1.650,
2026-09-15T01:29:00,4.000,1.640,
2026-09-15T01:44:00,4.000,1.640,
2026-09-15T02:00:00,4.010,1.640,
2026-09-15T02:14:00,4.010,1.650,
2026-09-15T02:29:00,4.010,1.640,
2026-09-15T02:44:00,4.010,1.640,
2026-09-15T03:00:00,4.000,1.650,
2026-09-15T03:14:00,4.000,1.650,
2026-09-15T03:30:00,4.010,1.660,
2026-09-15T03:45:00,4.010,1.660,
2026-09-15T04:00:00,4.010,1.670,
2026-09-15T04:14:00,4.010,1.670,
2026-09-15T04:30:00,4.010,1.670,
2026-09-15T04:44:00,4.010,1.670,
2026-09-15T04:59:00,4.010,1.670,
2026-09-15T05:15:00,4.010,1.670,
2026-09-15T05:29:00,4.010,1.670,
2026-09-15T05:45:00,4.010,1.670,
2026-09-15T05:59:00,4.010,1.670,
2026-09-15T06:14:00,4.010,1.670,
2026-09-15T06:29:00,4.020,1.690,
2026-09-15T06:45:00,4.020,1.690,
2026-09-15T07:00:00,4.020,1.700,
2026-09-15T07:14:00,4.030,1.710,
2026-09-15T07:29:00,4.030,1.730,
2026-09-15T07:44:00,4.030,1.730,
2026-09-15T07:59:00,4.030,1.770,
2026-09-15T08:14:00,4.040,1.770,
2026-09-15T08:29:00,4.050,1.790,
2026-09-15T08:45:00,4.050,1.800,
2026-09-15T08:59:00,4.050,1.800,
2026-09-15T09:14:00,4.040,1.800,
2026-09-15T09:30:00,4.040,1.800,
2026-09-15T09:44:00,4.040,1.800,
2026-09-15T10:00:00,4.050,1.800,
2026-09-15T10:15:00,4.050,1.800,
2026-09-15T10:30:00,4.040,1.790,
2026-09-15T10:45:00,4.040,1.790,
2026-09-15T11:00:00,4.040,1.780,
2026-09-15T11:14:00,4.050,1.780,
2026-09-15T11:30:00,4.040,1.780,
2026-09-15T11:44:00,4.040,1.780,
2026-09-15T12:00:00,4.040,1.780,
2026-09-15T12:15:00,4.040,1.780,
2026-09-15T12:29:00,4.030,1.780,
2026-09-15T12:44:00,4.030,1.780,
2026-09-15T13:00:00,4.030,1.760,
2026-09-15T13:15:00,4.030,1.760,
2026-09-15T13:30:00,4.030,1.760,
2026-09-15T13:45:00,4.030,1.760,
2026-09-15T14:00:00,4.030,1.770,
2026-09-15T14:14:00,4.040,1.770,
2026-09-15T14:30:00,4.040,1.770,
2026-09-15T14:44:00,4.030,1.770,
2026-09-15T14:59:00,4.030,1.760,
2026-09-15T15:15:00,4.030,1.760,
2026-09-15T15:30:00,4.030,1.730,
2026-09-15T15:44:00,4.030,1.730,
2026-09-15T16:00:00,4.030,1.730,
2026-09-15T16:15:00,4.030,1.730,
2026-09-15T16:29:00,4.020,1.750,
2026-09-15T16:44:00,4.020,1.750,
2026-09-15T16:59:00,4.020,1.750,
2026-09-15T17:15:00,4.020,1.750,
2026-09-15T17:29:00,4.030,1.730,
2026-09-15T17:44:00,4.030,1.730,
2026-09-15T17:59:00,4.030,1.720,
2026-09-15T18:14:00,4.020,1.720,
2026-09-15T18:29:00,4.020,1.730,
2026-09-15T18:44:00,4.020,1.730,
2026-09-15T19:00:00,4.030,1.760,
2026-09-15T19:15:00,4.030,1.760,
2026-09-15T19:30:00,4.030,1.810,
2026-09-15T19:44:00,4.040,1.810,
2026-09-15T19:59:00,4.050,1.860,
2026-09-15T20:14:00,4.080,1.860,
2026-09-15T20:29:00,4.080,1.970,
2026-09-15T20:45:00,4.090,1.970,
2026-09-15T21:00:00,4.090,1.950,
2026-09-15T21:14:00,4.080,1.950,
2026-09-15T21:29:00,4.080,1.910,
2026-09-15T21:45:00,4.070,1.910,
2026-09-15T21:59:00,4.070,1.880,
2026-09-15T22:14:00,4.070,1.880,
2026-09-15T22:29:00,4.070,1.870,
2026-09-15T22:45:00,4.070,1.870,
2026-09-15T22:59:00,4.070,1.840,
2026-09-15T23:15:00,4.060,1.840,
2026-09-15T23:29:00,4.060,1.830,
2026-09-15T23:44:00,4.050,1.830,
2026-09-15T23:59:00,4.050,1.830,
2026-09-16T00:15:00,4.050,1.830,
2026-09-16T00:30:00,4.050,1.810,
2026-09-16T00:45:00,4.050,1.810,
2026-09-16T00:59:00,4.050,1.790,
2026-09-16T01:14:00,4.040,1.790,
2026-09-16T01:30:00,4.050,1.790,
2026-09-16T01:44:00,4.050,1.790,
2026-09-16T01:59:00,4.040,1.790,
2026-09-16T02:14:00,4.040,1.790,
2026-09-16T02:29:00,4.040,1.780,
2026-09-16T02:45:00,4.040,1.780,
2026-09-16T03:00:00,4.040,1.770,
2026-09-16T03:15:00,4.040,1.770,
2026-09-16T03:30:00,4.040,1.770,
2026-09-16T03:44:00,4.040,1.770,
2026-09-16T03:59:00,4.040,1.770,
2026-09-16T04:14:00,4.030,1.770,
2026-09-16T04:29:00,4.030,1.760,
2026-09-16T04:44:00,4.030,1.760,
2026-09-16T04:59:00,4.030,1.740,
2026-09-16T05:14:00,4.030,1.750,
2026-09-16T05:29:00,4.030,1.740,
2026-09-16T05:45:00,4.030,1.740,
2026-09-16T05:59:00,4.030,1.740,
2026-09-16T06:14:00,4.030,1.740,
2026-09-16T06:29:00,4.030,1.740,
2026-09-16T06:45:00,4.030,1.740,
2026-09-16T07:01:00,4.030,1.740,
2026-09-16T07:14:00,4.030,1.740,
2026-09-16T07:30:00,4.030,1.740,
2026-09-16T07:45:00,4.030,1.740,
2026-09-16T07:59:00,4.030,1.730,
2026-09-16T08:15:00,4.030,1.730,
2026-09-16T08:30:00,4.030,1.730,
2026-09-16T08:44:00,4.030,1.730,
2026-09-16T08:59:00,4.030,1.720,
2026-09-16T09:14:00,4.030,1.720,
2026-09-16T09:30:00,4.030,1.720,
2026-09-16T09:44:00,4.030,1.720,
2026-09-16T10:00:00,4.030,1.720,
2026-09-16T10:14:00,4.030,1.720,
2026-09-16T10:29:00,4.030,1.710,
2026-09-16T10:44:00,4.030,1.710,
2026-09-16T11:00:00,4.020,1.730,
2026-09-16T11:15:00,4.020,1.730,
2026-09-16T11:29:00,4.020,1.710,
2026-09-16T11:44:00,4.020,1.710,
2026-09-16T12:00:00,4.030,1.710,
2026-09-16T12:14:00,4.020,1.710,
2026-09-16T12:30:00,4.030,1.710,
2026-09-16T12:44:00,4.020,1.710,
2026-09-16T13:00:00,4.020,1.710,
2026-09-16T13:15:00,4.030,1.710,
2026-09-16T13:29:00,4.020,1.730,
2026-09-16T13:44:00,4.030,1.730,
2026-09-16T13:59:00,4.030,1.730,
2026-09-16T14:14:00,4.030,1.730,
2026-09-16T14:30:00,4.030,1.720,
2026-09-16T14:45:00,4.030,1.720,
2026-09-16T14:59:00,4.020,1.720,
2026-09-16T15:14:00,4.020,1.720,
2026-09-16T15:29:00,4.020,1.740,
2026-09-16T15:44:00,4.020,1.740,
2026-09-16T16:00:00,4.020,1.710,
2026-09-16T16:15:00,4.020,1.710,
2026-09-16T16:29:00,4.020,1.710,
2026-09-16T16:45:00,4.020,1.710,
2026-09-16T17:00:00,4.030,1.730,
2026-09-16T17:14:00,4.020,1.730,
2026-09-16T17:29:00,4.030,1.730,
2026-09-16T17:44:00,4.020,1.730,
2026-09-16T18:00:00,4.020,1.720,
2026-09-16T18:14:00,4.020,1.720,
2026-09-16T18:29:00,4.020,1.720,
2026-09-16T18:44:00,4.020,1.720,
2026-09-16T18:59:00,4.020,1.720,
2026-09-16T19:15:00,4.020,1.720,
2026-09-16T19:30:00,4.020,1.700,
2026-09-16T19:44:00,4.020,1.700,
2026-09-16T19:59:00,4.020,1.690,
2026-09-16T20:14:00,4.020,1.690,
2026-09-16T20:30:00,4.020,1.700,
2026-09-16T20:44:00,4.020,1.700,
2026-09-16T21:00:00,4.020,1.690,
2026-09-16T21:14:00,4.020,1.690,
2026-09-16T21:29:00,4.020,1.690,
2026-09-16T21:45:00,4.020,1.690,
2026-09-16T21:59:00,4.020,1.690,
2026-09-16T22:15:00,4.020,1.690,
2026-09-16T22:30:00,4.020,1.690,
2026-09-16T22:44:00,4.020,1.690,
2026-09-16T22:59:00,4.020,1.690,
2026-09-16T23:14:00,4.020,1.690,
2026-09-16T23:29:00,4.020,1.690,
2026-09-16T23:44:00,4.020,1.690,
2026-09-16T23:59:00,4.020,1.690,
2026-09-17T00:15:00,4.020,1.690,
2026-09-17T00:29:00,4.020,1.690,
2026-09-17T00:44:00,4.020,1.690,
2026-09-17T00:59:00,4.020,1.700,
2026-09-17T01:14:00,4.020,1.700,
2026-09-17T01:30:00,4.020,1.700,
2026-09-17T01:44:00,4.020,1.700,
2026-09-17T01:59:00,4.020,1.700,
2026-09-17T02:14:00,4.020,1.700,
2026-09-17T02:29:00,4.020,1.690,
2026-09-17T02:44:00,4.020,1.690,
2026-09-17T02:59:00,4.020,1.690,
2026-09-17T03:14:00,4.020,1.690,
2026-09-17T03:29:00,4.020,1.690,
2026-09-17T03:44:00,4.020,1.690,
2026-09-17T04:00:00,4.020,1.690,
2026-09-17T04:14:00,4.020,1.690,
2026-09-17T04:29:00,4.020,1.690,
2026-09-17T04:44:00,4.020,1.690,
2026-09-17T04:59:00,4.020,1.690,
2026-09-17T05:15:00,4.020,1.690,
2026-09-17T05:29:00,4.020,1.680,
2026-09-17T05:45:00,4.020,1.680,
2026-09-17T05:59:00,4.020,1.680,
2026-09-17T06:14:00,4.020,1.680,
2026-09-17T06:29:00,4.020,1.680,
2026-09-17T06:44:00,4.020,1.680,
2026-09-17T07:00:00,4.020,1.680,
2026-09-17T07:15:00,4.020,1.680,
2026-09-17T07:30:00,4.020,1.690,
2026-09-17T07:44:00,4.020,1.690,
2026-09-17T07:59:00,4.020,1.680,
2026-09-17T08:15:00,4.020,1.680,
2026-09-17T08:30:00,4.020,1.680,
2026-09-17T08:44:00,4.020,1.680,
2026-09-17T08:59:00,4.020,1.680,
2026-09-17T09:14:00,4.020,1.680,
2026-09-17T09:29:00,4.020,1.680,
2026-09-17T09:44:00,4.020,1.680,
2026-09-17T09:59:00,4.020,1.680,
2026-09-17T10:15:00,4.020,1.680,
2026-09-17T10:29:00,4.020,1.680,
2026-09-17T10:45:00,4.020,1.680,
2026-09-17T11:00:00,4.020,1.690,
2026-09-17T11:15:00,4.010,1.690,
2026-09-17T11:30:00,4.010,1.670,
2026-09-17T11:45:00,4.010,1.670,
2026-09-17T12:00:00,4.020,1.670,
2026-09-17T12:14:00,4.020,1.670,
2026-09-17T12:29:00,4.020,1.680,
2026-09-17T12:45:00,4.020,1.680,
2026-09-17T12:59:00,4.020,1.680,
2026-09-17T13:14:00,4.020,1.680,
2026-09-17T13:30:00,4.010,1.670,
2026-09-17T13:45:00,4.010,1.670,
2026-09-17T13:59:00,4.020,1.670,
2026-09-17T14:14:00,4.020,1.670,
2026-09-17T14:30:00,4.020,1.690,
2026-09-17T14:44:00,4.020,1.690,
2026-09-17T15:00:00,4.020,1.680,
2026-09-17T15:15:00,4.020,1.680,
2026-09-17T15:30:00,4.020,1.690,
2026-09-17T15:45:00,4.010,1.690,
2026-09-17T16:00:00,4.010,1.670,
2026-09-17T16:14:00,4.010,1.670,
2026-09-17T16:30:00,4.010,1.690,
2026-09-17T16:44:00,4.020,1.690,
2026-09-17T16:59:00,4.020,1.700,
2026-09-17T17:15:00,4.020,1.700,
2026-09-17T17:29:00,4.020,1.690,
2026-09-17T17:45:00,4.020,1.690,
2026-09-17T17:59:00,4.020,1.700,
2026-09-17T18:14:00,4.020,1.700,
2026-09-17T18:29:00,4.020,1.720,
2026-09-17T18:45:00,4.020,1.720,
2026-09-17T18:59:00,4.020,1.680,
2026-09-17T19:14:00,4.020,1.680,
2026-09-17T19:29:00,4.020,1.680,
2026-09-17T19:44:00,4.020,1.680,
2026-09-17T19:59:00,4.020,1.680,
2026-09-17T20:14:00,4.020,1.680,
2026-09-17T20:30:00,4.020,1.680,
2026-09-17T20:45:00,4.020,1.680,
2026-09-17T21:00:00,4.020,1.680,
2026-09-17T21:15:00,4.030,1.680,
2026-09-17T21:29:00,4.030,1.680,
2026-09-17T21:45:00,4.030,1.690,
2026-09-17T21:59:00,4.020,1.690,
2026-09-17T22:15:00,4.020,1.690,
2026-09-17T22:29:00,4.020,1.680,
2026-09-17T22:45:00,4.020,1.680,
2026-09-17T23:00:00,4.030,1.680,
2026-09-17T23:15:00,4.020,1.680,
2026-09-17T23:29:00,4.020,1.680,
2026-09-17T23:44:00,4.020,1.680,
2026-09-17T23:59:00,4.020,1.670,
2026-09-18T00:14:00,4.020,1.670,
2026-09-18T00:29:00,4.020,1.670,
2026-09-18T00:44:00,4.020,1.670,
2026-09-18T00:59:00,4.020,1.670,
2026-09-18T01:15:00,4.020,1.670,
2026-09-18T01:29:00,4.020,1.670,
2026-09-18T01:44:00,4.020,1.670,
2026-09-18T01:59:00,4.020,1.670,
2026-09-18T02:14:00,4.020,1.670,
2026-09-18T02:29:00,4.020,1.670,
2026-09-18T02:45:00,4.020,1.670,
2026-09-18T03:00:00,4.020,1.670,
2026-09-18T03:14:00,4.020,1.670,
2026-09-18T03:29:00,4.020,1.670,
2026-09-18T03:44:00,4.020,1.670,
2026-09-18T03:59:00,4.020,1.670,
2026-09-18T04:14:00,4.020,1.670,
2026-09-18T04:29:00,4.020,1.670,
2026-09-18T04:44:00,4.020,1.670,
2026-09-18T04:59:00,4.020,1.670,
2026-09-18T05:15:00,4.020,1.670,
2026-09-18T05:30:00,4.020,1.670,
2026-09-18T05:45:00,4.020,1.670,
2026-09-18T05:59:00,4.020,1.670,
2026-09-18T06:14:00,4.020,1.670,
2026-09-18T06:29:00,4.020,1.670,
2026-09-18T06:44:00,4.020,1.670,
2026-09-18T06:59:00,4.020,1.670,
2026-09-18T07:14:00,4.020,1.670,
2026-09-18T07:30:00,4.020,1.670,
2026-09-18T07:44:00,4.020,1.670,
2026-09-18T07:59:00,4.020,1.670,
2026-09-18T08:14:00,4.010,1.670,
2026-09-18T08:29:00,4.020,1.680,
2026-09-18T08:44:00,4.020,1.680,
2026-09-18T08:59:00,4.020,1.670,
2026-09-18T09:15:00,4.020,1.670,
2026-09-18T09:29:00,4.020,1.670,
2026-09-18T09:45:00,4.020,1.670,
2026-09-18T09:59:00,4.020,1.660,
2026-09-18T10:14:00,4.020,1.660,
2026-09-18T10:29:00,4.020,1.670,
2026-09-18T10:44:00,4.020,1.670,
2026-09-18T11:00:00,4.020,1.670,
2026-09-18T11:15:00,4.020,1.670,
2026-09-18T11:30:00,4.020,1.680,
2026-09-18T11:44:00,4.020,1.680,
2026-09-18T12:00:00,4.020,1.690,
2026-09-18T12:14:00,4.020,1.690,
2026-09-18T12:29:00,4.020,1.670,
2026-09-18T12:44:00,4.010,1.670,
2026-09-18T12:59:00,4.020,1.680,
2026-09-18T13:15:00,4.020,1.680,
2026-09-18T13:29:00,4.020,1.680,
2026-09-18T13:45:00,4.020,1.680,
2026-09-18T13:59:00,4.020,1.700,
2026-09-18T14:14:00,4.020,1.700,
2026-09-18T14:29:00,4.010,1.680,
2026-09-18T14:45:00,4.020,1.680,
2026-09-18T15:00:00,4.020,1.680,
2026-09-18T15:15:00,4.020,1.680,
2026-09-18T15:30:00,4.030,1.690,
2026-09-18T15:45:00,4.030,1.690,
2026-09-18T16:00:00,4.030,1.670,
2026-09-18T16:14:00,4.030,1.670,
2026-09-18T16:29:00,4.030,1.660,
2026-09-18T16:44:00,4.030,1.660,
2026-09-18T17:00:00,4.040,1.670,
2026-09-18T17:15:00,4.040,1.670,
2026-09-18T17:30:00,4.040,1.670,
2026-09-18T17:44:00,4.040,1.670,
2026-09-18T17:59:00,4.040,1.670,
2026-09-18T18:15:00,4.040,1.670,
2026-09-18T18:29:00,4.040,1.670,
2026-09-18T18:44:00,4.050,1.670,
2026-09-18T19:00:00,4.050,1.670,
2026-09-18T19:15:00,4.030,1.670,
2026-09-18T19:30:00,4.040,1.670,
2026-09-18T19:44:00,4.020,1.670,
2026-09-18T20:00:00,4.020,1.670,
2026-09-18T20:15:00,4.020,1.670,
2026-09-18T20:29:00,4.020,1.640,
2026-09-18T20:45:00,4.020,1.650,
2026-09-18T20:59:00,4.020,1.680,
2026-09-18T21:15:00,4.020,1.680,
2026-09-18T21:29:00,4.020,1.660,
2026-09-18T21:45:00,4.020,1.660,
2026-09-18T21:59:00,4.020,1.670,
2026-09-18T22:14:00,4.020,1.670,
2026-09-18T22:29:00,4.020,1.670,
2026-09-18T22:44:00,4.020,1.670,
2026-09-18T22:59:00,4.020,1.660,
2026-09-18T23:15:00,4.030,1.660,
2026-09-18T23:29:00,4.020,1.660,
2026-09-18T23:45:00,4.020,1.660,
2026-09-19T00:00:00,4.020,1.660,
2026-09-19T00:14:00,4.030,1.660,
2026-09-19T00:29:00,4.020,1.660,
2026-09-19T00:44:00,4.020,1.660,
2026-09-19T00:59:00,4.020,1.660,
2026-09-19T01:15:00,4.020,1.660,
2026-09-19T01:29:00,4.020,1.660,
2026-09-19T01:44:00,4.020,1.660,
2026-09-19T01:59:00,4.030,1.660,
2026-09-19T02:14:00,4.020,1.660,
2026-09-19T02:30:00,4.020,1.660,
2026-09-19T02:44:00,4.020,1.660,
2026-09-19T02:59:00,4.020,1.660,
2026-09-19T03:14:00,4.020,1.660,
2026-09-19T03:30:00,4.020,1.650,
2026-09-19T03:44:00,4.020,1.650,
2026-09-19T03:59:00,4.020,1.660,
2026-09-19T04:14:00,4.020,1.660,
2026-09-19T04:29:00,4.020,1.660,
2026-09-19T04:44:00,4.020,1.660,
2026-09-19T05:00:00,4.020,1.660,
2026-09-19T05:15:00,4.020,1.660,
2026-09-19T05:29:00,4.020,1.650,
2026-09-19T05:44:00,4.020,1.650,
2026-09-19T05:59:00,4.020,1.660,
2026-09-19T06:15:00,4.020,1.660,
2026-09-19T06:30:00,4.020,1.660,
2026-09-19T06:44:00,4.020,1.660,
2026-09-19T07:00:00,4.020,1.660,
2026-09-19T07:14:00,4.020,1.660,
2026-09-19T07:29:00,4.020,1.650,
2026-09-19T07:44:00,4.020,1.650,
2026-09-19T07:59:00,4.020,1.660,
2026-09-19T08:14:00,4.020,1.660,
2026-09-19T08:29:00,4.020,1.650,
2026-09-19T08:44:00,4.020,1.650,
2026-09-19T09:00:00,4.020,1.650,
2026-09-19T09:15:00,4.020,1.650,
2026-09-19T09:29:00,4.020,1.650,
2026-09-19T09:44:00,4.020,1.660,
2026-09-19T10:00:00,4.020,1.650,
2026-09-19T10:15:00,4.020,1.650,
2026-09-19T10:30:00,4.020,1.650,
2026-09-19T10:44:00,4.020,1.650,
2026-09-19T11:00:00,4.020,1.650,
2026-09-19T11:14:00,4.020,1.650,
2026-09-19T11:29:00,4.020,1.670,
2026-09-19T11:44:00,4.020,1.680,
2026-09-19T11:59:00,4.020,1.670,
2026-09-19T12:14:00,4.020,1.670,
2026-09-19T12:30:00,4.020,1.670,
2026-09-19T12:44:00,4.020,1.670,
2026-09-19T13:00:00,4.020,1.670,
2026-09-19T13:15:00,4.020,1.670,
2026-09-19T13:30:00,4.020,1.660,
2026-09-19T13:45:00,4.020,1.660,
2026-09-19T13:59:00,4.020,1.670,
2026-09-19T14:14:00,4.020,1.670,
2026-09-19T14:29:00,4.020,1.680,
2026-09-19T14:45:00,4.020,1.680,
2026-09-19T15:00:00,4.020,1.680,
2026-09-19T15:14:00,4.020,1.670,
2026-09-19T15:29:00,4.020,1.680,
2026-09-19T15:44:00,4.020,1.680,
2026-09-19T15:59:00,4.020,1.680,
2026-09-19T16:14:00,4.020,1.680,
2026-09-19T16:29:00,4.010,1.660,
2026-09-19T16:44:00,4.020,1.660,
2026-09-19T16:59:00,4.020,1.680,
2026-09-19T17:15:00,4.010,1.680,
2026-09-19T17:30:00,4.010,1.680,
2026-09-19T17:44:00,4.010,1.680,
2026-09-19T17:59:00,4.010,1.670,
2026-09-19T18:14:00,4.010,1.660,
2026-09-19T18:30:00,4.010,1.670,
2026-09-19T18:44:00,4.010,1.670,
2026-09-19T18:59:00,4.010,1.650,
2026-09-19T19:14:00,4.010,1.650,
2026-09-19T19:29:00,4.010,1.650,
2026-09-19T19:44:00,4.010,1.650,
2026-09-19T19:59:00,4.010,1.650,
2026-09-19T20:15:00,4.010,1.650,
2026-09-19T20:29:00,4.010,1.650,
2026-09-19T20:45:00,4.010,1.650,
2026-09-19T20:59:00,4.020,1.670,
2026-09-19T21:15:00,4.020,1.670,
2026-09-19T21:29:00,4.020,1.660,
2026-09-19T21:44:00,4.020,1.660,
2026-09-19T21:59:00,4.020,1.700,
2026-09-19T22:14:00,4.020,1.700,
2026-09-19T22:29:00,4.020,1.680,
2026-09-19T22:44:00,4.020,1.680,
2026-09-19T22:59:00,4.020,1.680,
2026-09-19T23:14:00,4.020,1.680,
2026-09-19T23:29:00,4.020,1.670,
2026-09-19T23:44:00,4.020,1.670,
2026-09-19T23:59:00,4.020,1.670,
2026-09-20T00:14:00,4.020,1.670,
2026-09-20T00:29:00,4.020,1.670,
2026-09-20T00:44:00,4.020,1.670,
2026-09-20T00:59:00,4.020,1.670,
2026-09-20T01:14:00,4.020,1.670,
2026-09-20T01:30:00,4.020,1.670,
2026-09-20T01:44:00,4.020,1.670,
2026-09-20T01:59:00,4.020,1.670,
2026-09-20T02:14:00,4.020,1.670,
2026-09-20T02:29:00,4.020,1.670,
2026-09-20T02:44:00,4.020,1.670,
2026-09-20T02:59:00,4.010,1.670,
2026-09-20T03:14:00,4.020,1.670,
2026-09-20T03:29:00,4.010,1.670,
2026-09-20T03:45:00,4.010,1.670,
2026-09-20T03:59:00,4.020,1.670,
2026-09-20T04:15:00,4.020,1.670,
2026-09-20T04:29:00,4.020,1.670,
2026-09-20T04:44:00,4.020,1.670,
2026-09-20T04:59:00,4.020,1.680,
2026-09-20T05:14:00,4.020,1.680,
2026-09-20T05:29:00,4.020,1.670,
2026-09-20T05:45:00,4.020,1.670,
2026-09-20T06:00:00,4.020,1.670,
2026-09-20T06:14:00,4.010,1.670,
2026-09-20T06:29:00,4.020,1.670,
2026-09-20T06:45:00,4.020,1.670,
2026-09-20T07:00:00,4.020,1.670,
2026-09-20T07:14:00,4.020,1.670,
2026-09-20T07:29:00,4.020,1.670,
2026-09-20T07:45:00,4.020,1.670,
2026-09-20T08:00:00,4.020,1.660,
2026-09-20T08:15:00,4.020,1.660,
2026-09-20T08:30:00,4.020,1.660,
2026-09-20T08:44:00,4.020,1.660,
2026-09-20T08:59:00,4.020,1.660,
2026-09-20T09:14:00,4.020,1.660,
2026-09-20T09:29:00,4.020,1.660,
2026-09-20T09:45:00,4.020,1.660,
2026-09-20T09:59:00,4.020,1.660,
2026-09-20T10:14:00,4.020,1.660,
2026-09-20T10:30:00,4.020,1.680,
2026-09-20T10:44:00,4.020,1.680,
2026-09-20T10:59:00,4.020,1.680,
2026-09-20T11:15:00,4.020,1.680,
2026-09-20T11:30:00,4.020,1.660,
2026-09-20T11:45:00,4.020,1.670,
2026-09-20T11:59:00,4.020,1.690,
2026-09-20T12:14:00,4.020,1.690,
2026-09-20T12:29:00,4.010,1.690,
2026-09-20T12:44:00,4.010,1.690,
2026-09-20T12:59:00,4.020,1.660,
2026-09-20T13:15:00,4.020,1.660,
2026-09-20T13:30:00,4.020,1.680,
2026-09-20T13:45:00,4.020,1.680,
2026-09-20T14:00:00,4.020,1.660,
2026-09-20T14:15:00,4.020,1.660,
2026-09-20T14:29:00,4.020,1.660,
2026-09-20T14:44:00,4.020,1.660,
2026-09-20T14:59:00,4.020,1.660,
2026-09-20T15:15:00,4.020,1.660,
2026-09-20T15:30:00,4.020,1.660,
2026-09-20T15:44:00,4.020,1.660,
2026-09-20T15:59:00,4.020,1.680,
2026-09-20T16:15:00,4.020,1.680,
2026-09-20T16:29:00,4.020,1.680,
2026-09-20T16:44:00,4.020,1.680,
2026-09-20T17:00:00,4.020,1.660,
2026-09-20T17:14:00,4.020,1.670,
2026-09-20T17:29:00,4.020,1.660,
2026-09-20T17:45:00,4.020,1.660,
2026-09-20T17:59:00,4.020,1.660,
2026-09-20T18:15:00,4.020,1.660,
2026-09-20T18:29:00,4.020,1.660,
2026-09-20T18:44:00,4.020,1.660,
2026-09-20T18:59:00,4.020,1.660,
2026-09-20T19:14:00,4.020,1.660,
2026-09-20T19:29:00,4.020,1.660,
2026-09-20T19:44:00,4.020,1.660,
2026-09-20T19:59:00,4.020,1.660,
2026-09-20T20:14:00,4.020,1.660,
2026-09-20T20:30:00,4.020,1.660,
2026-09-20T20:45:00,4.020,1.660,
2026-09-20T21:00:00,4.020,1.660,
2026-09-20T21:15:00,4.020,1.660,
2026-09-20T21:30:00,4.020,1.660,
2026-09-20T21:44:00,4.020,1.660,
2026-09-20T21:59:00,4.020,1.660,
2026-09-20T22:15:00,4.020,1.660,
2026-09-20T22:29:00,4.020,1.660,
2026-09-20T22:44:00,4.020,1.660,
2026-09-20T22:59:00,4.020,1.660,
2026-09-20T23:14:00,4.020,1.660,
2026-09-20T23:29:00,4.020,1.660,
2026-09-20T23:45:00,4.020,1.660,
2026-09-20T23:59:00,4.020,1.660,
2026-09-21T00:14:00,4.020,1.660,
2026-09-21T00:30:00,4.020,1.660,
2026-09-21T00:44:00,4.020,1.660,
2026-09-21T00:59:00,4.020,1.650,
2026-09-21T01:14:00,4.020,1.650,
2026-09-21T01:30:00,4.020,1.650,
2026-09-21T01:44:00,4.020,1.650,
2026-09-21T01:59:00,4.020,1.650,
2026-09-21T02:14:00,4.010,1.650,
2026-09-21T02:30:00,4.020,1.650,
2026-09-21T02:45:00,4.020,1.650,
2026-09-21T02:59:00,4.020,1.650,
2026-09-21T03:14:00,4.020,1.650,
2026-09-21T03:29:00,4.020,1.660,
2026-09-21T03:44:00,4.020,1.660,
2026-09-21T04:00:00,4.020,1.660,
2026-09-21T04:15:00,4.020,1.660,
2026-09-21T04:29:00,4.020,1.650,
2026-09-21T04:45:00,4.020,1.650,
2026-09-21T04:59:00,4.020,1.660,
2026-09-21T05:14:00,4.020,1.660,
2026-09-21T05:29:00,4.020,1.650,
2026-09-21T05:45:00,4.010,1.650,
2026-09-21T06:00:00,4.010,1.650,
2026-09-21T06:14:00,4.020,1.650,
2026-09-21T06:29:00,4.020,1.660,
2026-09-21T06:44:00,4.020,1.660,
2026-09-21T06:59:00,4.010,1.650,
2026-09-21T07:14:00,4.010,1.650,
2026-09-21T07:29:00,4.010,1.650,
2026-09-21T07:45:00,4.020,1.650,
2026-09-21T08:00:00,4.010,1.650,
2026-09-21T08:15:00,4.010,1.650,
2026-09-21T08:30:00,4.010,1.650,
2026-09-21T08:44:00,4.010,1.650,
2026-09-21T09:00:00,4.010,1.650,
2026-09-21T09:14:00,4.010,1.650,
2026-09-21T09:29:00,4.010,1.650,
2026-09-21T09:45:00,4.010,1.650,
2026-09-21T10:00:00,4.020,1.650,
2026-09-21T10:15:00,4.020,1.650,
2026-09-21T10:30:00,4.020,1.650,
2026-09-21T10:45:00,4.010,1.650,
2026-09-21T11:00:00,4.010,1.680,
2026-09-21T11:15:00,4.010,1.680,
2026-09-21T11:29:00,4.010,1.690,
2026-09-21T11:44:00,4.010,1.690,
2026-09-21T12:00:00,4.010,1.670,
2026-09-21T12:15:00,4.010,1.670,
2026-09-21T12:29:00,4.010,1.660,
2026-09-21T12:45:00,4.010,1.660,
2026-09-21T13:00:00,4.010,1.670,
2026-09-21T13:14:00,4.010,1.670,
2026-09-21T13:30:00,4.010,1.630,
2026-09-21T13:45:00,4.010,1.630,
2026-09-21T14:00:00,4.020,1.690,
2026-09-21T14:15:00,4.020,1.690,
2026-09-21T14:29:00,4.020,1.680,
2026-09-21T14:45:00,4.010,1.680,
2026-09-21T15:00:00,4.010,1.660,
2026-09-21T15:15:00,4.010,1.660,
2026-09-21T15:29:00,4.010,1.660,
2026-09-21T15:45:00,4.010,1.660,
2026-09-21T16:00:00,4.010,1.660,
2026-09-21T16:15:00,4.010,1.660,
2026-09-21T16:29:00,4.010,1.660,
2026-09-21T16:44:00,4.010,1.650,
2026-09-21T17:00:00,4.010,1.680,
2026-09-21T17:14:00,4.020,1.680,
2026-09-21T17:29:00,4.020,1.690,
2026-09-21T17:44:00,4.020,1.690,
2026-09-21T18:00:00,4.020,1.670,
2026-09-21T18:14:00,4.020,1.670,
2026-09-21T18:29:00,4.020,1.670,
2026-09-21T18:44:00,4.020,1.670,
2026-09-21T18:59:00,4.020,1.670,
2026-09-21T19:14:00,4.020,1.670,
2026-09-21T19:29:00,4.020,1.680,
2026-09-21T19:44:00,4.020,1.680,
2026-09-21T19:59:00,4.020,1.670,
2026-09-21T20:14:00,4.020,1.670,
2026-09-21T20:29:00,4.020,1.670,
2026-09-21T20:44:00,4.020,1.670,
2026-09-21T21:00:00,4.020,1.670,
2026-09-21T21:14:00,4.020,1.670,
2026-09-21T21:29:00,4.020,1.670,
2026-09-21T21:45:00,4.020,1.680,
2026-09-21T22:00:00,4.030,1.670,
2026-09-21T22:15:00,4.030,1.670,
2026-09-21T22:29:00,4.030,1.680,
2026-09-21T22:44:00,4.030,1.680,
2026-09-21T23:00:00,4.030,1.680,
2026-09-21T23:15:00,4.030,1.680,
2026-09-21T23:30:00,4.030,1.680,
2026-09-21T23:44:00,4.030,1.680,
2026-09-21T23:59:00,4.030,1.680,
2026-09-22T00:14:00,4.030,1.680,
2026-09-22T00:30:00,4.030,1.680,
2026-09-22T00:45:00,4.030,1.680,
2026-09-22T00:59:00,4.030,1.690,
2026-09-22T01:14:00,4.030,1.690,
2026-09-22T01:29:00,4.030,1.690,
2026-09-22T01:44:00,4.030,1.690,
2026-09-22T01:59:00,4.030,1.690,
2026-09-22T02:14:00,4.030,1.690,
2026-09-22T02:29:00,4.030,1.690,
2026-09-22T02:44:00,4.030,1.690,
2026-09-22T02:59:00,4.030,1.690,
2026-09-22T03:14:00,4.030,1.690,
2026-09-22T03:29:00,4.030,1.700,
2026-09-22T03:44:00,4.030,1.700,
2026-09-22T03:59:00,4.030,1.700,
2026-09-22T04:14:00,4.030,1.710,
2026-09-22T04:29:00,4.030,1.710,
2026-09-22T04:44:00,4.030,1.710,
2026-09-22T04:59:00,4.030,1.720,
2026-09-22T05:14:00,4.030,1.720,
2026-09-22T05:29:00,4.040,1.750,
2026-09-22T05:44:00,4.040,1.750,
2026-09-22T05:59:00,4.050,1.770,
2026-09-22T06:14:00,4.050,1.770,
2026-09-22T06:29:00,4.050,1.780,
2026-09-22T06:44:00,4.050,1.780,
2026-09-22T06:59:00,4.050,1.780,
2026-09-22T07:14:00,4.050,1.780,
2026-09-22T07:29:00,4.050,1.790,
2026-09-22T07:44:00,4.050,1.790,
2026-09-22T08:00:00,4.050,1.790,
2026-09-22T08:15:00,4.050,1.790,
2026-09-22T08:29:00,4.050,1.780,
2026-09-22T08:44:00,4.040,1.780,
2026-09-22T08:59:00,4.040,1.760,
2026-09-22T09:14:00,4.050,1.760,
2026-09-22T09:30:00,4.050,1.760,
2026-09-22T09:44:00,4.040,1.760,
2026-09-22T09:59:00,4.040,1.750,
2026-09-22T10:15:00,4.040,1.750,
2026-09-22T10:29:00,4.040,1.750,
2026-09-22T10:44:00,4.040,1.750,
2026-09-22T11:00:00,4.040,1.740,
2026-09-22T11:14:00,4.040,1.740,
2026-09-22T11:29:00,4.040,1.740,
2026-09-22T11:44:00,4.040,1.740,
2026-09-22T11:59:00,4.030,1.750,
2026-09-22T12:14:00,4.030,1.750,
2026-09-22T12:30:00,4.030,1.730,
2026-09-22T12:44:00,4.030,1.730,
2026-09-22T12:59:00,4.030,1.730,
2026-09-22T13:14:00,4.030,1.730,
2026-09-22T13:30:00,4.030,1.730,
2026-09-22T13:45:00,4.030,1.730,
2026-09-22T13:59:00,4.030,1.740,
2026-09-22T14:15:00,4.030,1.740,
2026-09-22T14:29:00,4.030,1.760,
2026-09-22T14:44:00,4.030,1.760,
2026-09-22T14:59:00,4.030,1.740,
2026-09-22T15:14:00,4.030,1.740,
2026-09-22T15:29:00,4.030,1.710,
2026-09-22T15:47:00,4.030,1.710,
2026-09-22T15:59:00,4.020,1.730,
2026-09-22T16:14:00,4.030,1.730,
2026-09-22T16:29:00,4.030,1.740,
2026-09-22T16:45:00,4.030,1.740,
2026-09-22T16:59:00,4.030,1.710,
2026-09-22T17:14:00,4.030,1.710,
2026-09-22T17:29:00,4.030,1.710,
2026-09-22T17:44:00,4.030,1.710,
2026-09-22T17:59:00,4.030,1.710,
2026-09-22T18:14:00,4.030,1.710,
2026-09-22T18:29:00,4.030,1.730,
2026-09-22T18:44:00,4.030,1.730,
2026-09-22T18:59:00,4.030,1.710,
2026-09-22T19:14:00,4.020,1.710,
2026-09-22T19:30:00,4.020,1.700,
2026-09-22T19:44:00,4.020,1.700,
2026-09-22T20:00:00,4.020,1.700,
2026-09-22T20:14:00,4.020,1.700,
2026-09-22T20:29:00,4.020,1.700,
2026-09-22T20:44:00,4.020,1.700,
2026-09-22T20:59:00,4.020,1.700,
2026-09-22T21:14:00,4.020,1.700,
2026-09-22T21:29:00,4.020,1.700,
2026-09-22T21:44:00,4.020,1.700,
2026-09-22T21:59:00,4.020,1.700,
2026-09-22T22:14:00,4.020,1.700,
2026-09-22T22:30:00,4.020,1.700,
2026-09-22T22:45:00,4.020,1.700,
2026-09-22T23:00:00,4.020,1.700,
2026-09-22T23:15:00,4.020,1.700,
2026-09-22T23:29:00,4.020,1.700,
2026-09-22T23:44:00,4.020,1.700,
2026-09-22T23:59:00,4.020,1.700,
2026-09-23T00:14:00,4.020,1.700,
2026-09-23T00:29:00,4.020,1.700,
2026-09-23T00:44:00,4.020,1.700,
2026-09-23T00:59:00,4.020,1.700,
2026-09-23T01:15:00,4.020,1.700,
2026-09-23T01:30:00,4.020,1.690,
2026-09-23T01:44:00,4.020,1.690,
2026-09-23T01:59:00,4.020,1.690,
2026-09-23T02:14:00,4.020,1.690,
2026-09-23T02:30:00,4.020,1.700,
2026-09-23T02:44:00,4.020,1.700,
2026-09-23T02:59:00,4.020,1.690,
2026-09-23T03:14:00,4.020,1.690,
2026-09-23T03:30:00,4.020,1.690,
2026-09-23T03:44:00,4.020,1.690,
2026-09-23T04:00:00,4.020,1.690,
2026-09-23T04:14:00,4.020,1.690,
2026-09-23T04:29:00,4.020,1.690,
2026-09-23T04:44:00,4.020,1.690,
2026-09-23T05:00:00,4.020,1.690,
2026-09-23T05:14:00,4.020,1.690,
2026-09-23T05:29:00,4.020,1.680,
2026-09-23T05:44:00,4.010,1.680,
2026-09-23T05:59:00,4.010,1.690,
2026-09-23T06:14:00,4.020,1.690,
2026-09-23T06:29:00,4.020,1.680,
2026-09-23T06:44:00,4.010,1.680,
2026-09-23T06:59:00,4.010,1.690,
2026-09-23T07:14:00,4.010,1.690,
2026-09-23T07:30:00,4.020,1.680,
2026-09-23T07:44:00,4.020,1.680,
2026-09-23T07:59:00,4.020,1.680,
2026-09-23T08:15:00,4.020,1.680,
2026-09-23T08:29:00,4.020,1.690,
2026-09-23T08:44:00,4.020,1.690,
2026-09-23T09:00:00,4.020,1.670,
2026-09-23T09:15:00,4.020,1.670,
2026-09-23T09:30:00,4.020,1.680,
2026-09-23T09:44:00,4.020,1.680,
2026-09-23T09:59:00,4.020,1.680,
2026-09-23T10:14:00,4.020,1.680,
2026-09-23T10:30:00,4.020,1.680,
2026-09-23T10:44:00,4.020,1.680,
2026-09-23T10:59:00,4.020,1.680,
2026-09-23T11:15:00,4.020,1.680,
2026-09-23T11:30:00,4.020,1.700,
2026-09-23T11:44:00,4.020,1.700,
2026-09-23T11:59:00,4.020,1.690,
2026-09-23T12:14:00,4.020,1.690,
2026-09-23T12:29:00,4.020,1.700,
2026-09-23T12:44:00,4.010,1.700,
2026-09-23T13:00:00,4.010,1.700,
2026-09-23T13:14:00,4.010,1.690,
2026-09-23T13:29:00,4.010,1.690,
2026-09-23T13:44:00,4.010,1.690,
2026-09-23T14:00:00,4.010,1.710,
2026-09-23T14:15:00,4.020,1.710,
2026-09-23T14:29:00,4.020,1.680,
2026-09-23T14:44:00,4.020,1.680,
2026-09-23T14:59:00,4.010,1.700,
2026-09-23T15:14:00,4.010,1.700,
2026-09-23T15:29:00,4.010,1.670,
2026-09-23T15:44:00,4.010,1.670,
2026-09-23T15:59:00,4.010,1.670,
2026-09-23T16:14:00,4.010,1.670,
2026-09-23T16:29:00,4.010,1.680,
2026-09-23T16:45:00,4.020,1.680,
2026-09-23T16:59:00,4.020,1.680,
2026-09-23T17:14:00,4.020,1.680,
2026-09-23T17:29:00,4.020,1.670,
2026-09-23T17:45:00,4.010,1.670,
2026-09-23T18:00:00,4.010,1.670,
2026-09-23T18:14:00,4.010,1.670,
2026-09-23T18:29:00,4.010,1.680,
2026-09-23T18:44:00,4.020,1.680,
2026-09-23T18:59:00,4.010,1.670,
2026-09-23T19:14:00,4.010,1.670,
2026-09-23T19:29:00,4.010,1.670,
2026-09-23T19:44:00,4.010,1.670,
2026-09-23T19:59:00,4.010,1.670,
2026-09-23T20:14:00,4.010,1.670,
2026-09-23T20:29:00,4.010,1.680,
2026-09-23T20:44:00,4.010,1.680,
2026-09-23T20:59:00,4.010,1.680,
2026-09-23T21:14:00,4.010,1.680,
2026-09-23T21:29:00,4.010,1.680,
2026-09-23T21:45:00,4.010,1.670,
2026-09-23T21:59:00,4.010,1.680,
2026-09-23T22:14:00,4.010,1.680,
2026-09-23T22:29:00,4.010,1.670,
2026-09-23T22:44:00,4.010,1.670,
2026-09-23T22:59:00,4.010,1.670,
2026-09-23T23:14:00,4.010,1.680,
2026-09-23T23:29:00,4.010,1.670,
2026-09-23T23:44:00,4.010,1.670,
2026-09-23T23:59:00,4.010,1.670,
2026-09-24T00:14:00,4.010,1.670,
2026-09-24T00:29:00,4.010,1.670,
2026-09-24T00:44:00,4.010,1.670,
2026-09-24T00:59:00,4.010,1.670,
2026-09-24T01:14:00,4.010,1.670,
2026-09-24T01:29:00,4.010,1.670,
2026-09-24T01:44:00,4.010,1.670,
2026-09-24T01:59:00,4.010,1.680,
2026-09-24T02:14:00,4.020,1.680,
2026-09-24T02:29:00,4.020,1.680,
2026-09-24T02:44:00,4.020,1.680,
2026-09-24T02:59:00,4.020,1.690,
2026-09-24T03:14:00,4.020,1.690,
2026-09-24T03:30:00,4.020,1.690,
2026-09-24T03:44:00,4.020,1.690,
2026-09-24T03:59:00,4.020,1.690,
2026-09-24T04:14:00,4.020,1.690,
2026-09-24T04:29:00,4.020,1.700,
2026-09-24T04:44:00,4.020,1.700,
2026-09-24T04:59:00,4.020,1.700,
2026-09-24T05:14:00,4.020,1.700,
2026-09-24T05:29:00,4.020,1.700,
2026-09-24T05:44:00,4.020,1.700,
2026-09-24T05:59:00,4.020,1.700,
2026-09-24T06:14:00,4.020,1.700,
2026-09-24T06:30:00,4.020,1.710,
2026-09-24T06:44:00,4.020,1.710,
2026-09-24T06:59:00,4.020,1.700,
2026-09-24T07:14:00,4.020,1.700,
2026-09-24T07:29:00,4.020,1.700,
2026-09-24T07:44:00,4.020,1.700,
2026-09-24T08:00:00,4.020,1.700,
2026-09-24T08:15:00,4.020,1.700,
2026-09-24T08:29:00,4.020,1.700,
2026-09-24T08:44:00,4.020,1.700,
2026-09-24T08:59:00,4.020,1.700,
2026-09-24T09:14:00,4.020,1.700,
2026-09-24T09:29:00,4.020,1.690,
2026-09-24T09:44:00,4.020,1.690,
2026-09-24T09:59:00,4.020,1.690,
2026-09-24T10:15:00,4.020,1.690,
2026-09-24T10:29:00,4.020,1.690,
2026-09-24T10:44:00,4.020,1.690,
2026-09-24T10:59:00,4.020,1.680,
2026-09-24T11:14:00,4.020,1.680,
2026-09-24T11:30:00,4.020,1.680,
2026-09-24T11:44:00,4.020,1.680,
2026-09-24T11:59:00,4.020,1.680,
2026-09-24T12:14:00,4.020,1.680,
2026-09-24T12:29:00,4.020,1.680,
2026-09-24T12:44:00,4.020,1.680,
2026-09-24T12:59:00,4.020,1.690,
2026-09-24T13:14:00,4.020,1.690,
2026-09-24T13:30:00,4.020,1.710,
2026-09-24T13:44:00,4.020,1.710,
2026-09-24T13:59:00,4.020,1.700,
2026-09-24T14:14:00,4.020,1.700,
2026-09-24T14:30:00,4.020,1.700,
2026-09-24T14:44:00,4.020,1.700,
2026-09-24T15:00:00,4.020,1.670,
2026-09-24T15:14:00,4.010,1.670,
2026-09-24T15:30:00,4.010,1.680,
2026-09-24T15:45:00,4.020,1.680,
2026-09-24T15:59:00,4.020,1.670,
2026-09-24T16:14:00,4.020,1.670,
2026-09-24T16:29:00,4.020,1.680,
2026-09-24T16:44:00,4.010,1.680,
2026-09-24T16:59:00,4.010,1.680,
2026-09-24T17:14:00,4.020,1.680,
2026-09-24T17:29:00,4.020,1.680,
2026-09-24T17:44:00,4.020,1.680,
2026-09-24T17:59:00,4.020,1.680,
2026-09-24T18:14:00,4.020,1.680,
2026-09-24T18:29:00,4.020,1.680,
2026-09-24T18:44:00,4.020,1.680,
2026-09-24T18:59:00,4.020,1.680,
2026-09-24T19:14:00,4.020,1.680,
2026-09-24T19:29:00,4.020,1.680,
2026-09-24T19:44:00,4.020,1.680,
2026-09-24T19:59:00,4.020,1.680,
2026-09-24T20:14:00,4.020,1.680,
2026-09-24T20:29:00,4.020,1.680,
2026-09-24T20:44:00,4.020,1.680,
2026-09-24T20:59:00,4.020,1.690,
2026-09-24T21:15:00,4.020,1.690,
2026-09-24T21:30:00,4.020,1.690,
2026-09-24T21:45:00,4.020,1.690,
2026-09-24T21:59:00,4.020,1.680,
2026-09-24T22:15:00,4.020,1.680,
2026-09-24T22:30:00,4.020,1.680,
2026-09-24T22:44:00,4.020,1.680,
2026-09-24T22:59:00,4.020,1.680,
2026-09-24T23:14:00,4.020,1.680,
2026-09-24T23:30:00,4.020,1.680,
2026-09-24T23:45:00,4.020,1.680,
2026-09-25T00:00:00,4.020,1.690,
2026-09-25T00:14:00,4.020,1.690,
2026-09-25T00:30:00,4.020,1.690,
2026-09-25T00:44:00,4.020,1.690,
2026-09-25T01:00:00,4.020,1.690,
2026-09-25T01:14:00,4.030,1.690,
2026-09-25T01:30:00,4.020,1.700,
2026-09-25T01:44:00,4.020,1.700,
2026-09-25T01:59:00,4.030,1.710,
2026-09-25T02:14:00,4.030,1.710,
2026-09-25T02:29:00,4.040,1.740,
2026-09-25T02:45:00,4.040,1.740,
2026-09-25T02:59:00,4.040,1.760,
2026-09-25T03:14:00,4.040,1.760,
2026-09-25T03:30:00,4.060,1.810,
2026-09-25T03:44:00,4.060,1.810,
2026-09-25T03:59:00,4.060,1.850,
2026-09-25T04:14:00,4.060,1.850,
2026-09-25T04:30:00,4.070,1.850,
2026-09-25T04:45:00,4.070,1.850,
2026-09-25T05:00:00,4.060,1.850,
2026-09-25T05:14:00,4.060,1.850,
2026-09-25T05:29:00,4.060,1.850,
2026-09-25T05:45:00,4.060,1.850,
2026-09-25T06:00:00,4.060,1.840,
2026-09-25T06:14:00,4.060,1.840,
2026-09-25T06:29:00,4.060,1.840,
2026-09-25T06:45:00,4.060,1.840,
2026-09-25T07:00:00,4.060,1.830,
2026-09-25T07:14:00,4.060,1.830,
2026-09-25T07:29:00,4.060,1.830,
2026-09-25T07:45:00,4.060,1.830,
2026-09-25T07:59:00,4.060,1.820,
2026-09-25T08:15:00,4.060,1.820,
2026-09-25T08:29:00,4.060,1.820,
2026-09-25T08:44:00,4.060,1.820,
2026-09-25T08:59:00,4.060,1.830,
2026-09-25T09:15:00,4.060,1.830,
2026-09-25T09:29:00,4.060,1.830,
2026-09-25T09:44:00,4.060,1.830,
2026-09-25T09:59:00,4.060,1.830,
2026-09-25T10:14:00,4.060,1.830,
2026-09-25T10:29:00,4.060,1.830,
2026-09-25T10:44:00,4.060,1.830,
2026-09-25T10:59:00,4.060,1.820,
2026-09-25T11:15:00,4.060,1.820,
2026-09-25T11:29:00,4.050,1.820,
2026-09-25T11:45:00,4.050,1.820,
2026-09-25T11:59:00,4.050,1.830,
2026-09-25T12:14:00,4.050,1.830,
2026-09-25T12:29:00,4.060,1.820,
2026-09-25T12:45:00,4.050,1.820,
2026-09-25T12:59:00,4.050,1.820,
2026-09-25T13:14:00,4.070,1.830,
2026-09-25T13:29:00,4.070,1.880,
2026-09-25T13:44:00,4.070,1.880,
2026-09-25T13:59:00,4.070,1.900,
2026-09-25T14:14:00,4.080,1.900,
2026-09-25T14:29:00,4.080,1.930,
2026-09-25T14:44:00,4.080,1.930,
2026-09-25T14:59:00,4.090,1.940,
2026-09-25T15:15:00,4.090,1.940,
2026-09-25T15:30:00,4.090,1.950,
2026-09-25T15:44:00,4.090,1.950,
2026-09-25T15:59:00,4.090,1.980,
2026-09-25T16:14:00,4.090,1.980,
2026-09-25T16:29:00,4.100,1.980,
2026-09-25T16:44:00,4.100,1.980,
2026-09-25T16:59:00,4.100,1.980,
2026-09-25T17:14:00,4.100,1.980,
2026-09-25T17:32:00,4.100,1.980,
2026-09-25T17:44:00,4.100,1.980,
2026-09-25T17:59:00,4.100,2.000,
2026-09-25T18:14:00,4.100,2.000,
2026-09-25T18:29:00,4.100,2.000,
2026-09-25T18:44:00,4.110,2.010,
2026-09-25T18:59:00,4.110,2.030,
2026-09-25T19:14:00,4.110,2.030,
2026-09-25T19:30:00,4.110,2.050,
2026-09-25T19:45:00,4.110,2.050,
2026-09-25T19:59:00,4.110,2.070,
2026-09-25T20:15:00,4.110,2.070,
2026-09-25T20:29:00,4.110,2.050,
2026-09-25T20:44:00,4.110,2.050,
2026-09-25T21:00:00,4.110,2.050,
2026-09-25T21:15:00,4.110,2.050,
2026-09-25T21:30:00,4.110,2.030,
2026-09-25T21:44:00,4.100,2.030,
2026-09-25T21:59:00,4.100,2.020,
2026-09-25T22:14:00,4.100,2.020,
2026-09-25T22:30:00,4.100,2.000,
2026-09-25T22:44:00,4.100,2.000,
2026-09-25T23:00:00,4.100,1.980,
2026-09-25T23:14:00,4.100,1.980,
2026-09-25T23:29:00,4.100,1.970,
2026-09-25T23:44:00,4.100,1.970,
2026-09-26T00:00:00,4.090,1.950,
2026-09-26T00:14:00,4.090,1.950,
2026-09-26T00:29:00,4.090,1.960,
2026-09-26T00:44:00,4.090,1.970,
2026-09-26T00:59:00,4.090,1.950,
2026-09-26T01:14:00,4.090,1.950,
2026-09-26T01:30:00,4.090,1.960,
2026-09-26T01:45:00,4.090,1.960,
2026-09-26T01:59:00,4.100,1.970,
2026-09-26T02:15:00,4.100,1.970,
2026-09-26T02:29:00,4.100,1.990,
2026-09-26T02:44:00,4.100,1.990,
2026-09-26T02:59:00,4.100,2.010,
2026-09-26T03:15:00,4.110,2.010,
2026-09-26T03:29:00,4.110,2.010,
2026-09-26T03:45:00,4.110,2.010,
2026-09-26T04:00:00,4.110,2.030,
2026-09-26T04:14:00,4.110,2.030,
2026-09-26T04:29:00,4.110,2.030,
2026-09-26T04:45:00,4.110,2.030,
2026-09-26T04:59:00,4.120,2.040,
2026-09-26T05:14:00,4.120,2.040,
2026-09-26T05:29:00,4.120,2.070,
2026-09-26T05:44:00,4.120,2.070,
2026-09-26T06:00:00,4.120,2.080,
2026-09-26T06:14:00,4.120,2.080,
2026-09-26T06:30:00,4.130,2.100,
2026-09-26T06:44:00,4.130,2.110,
2026-09-26T07:00:00,4.140,2.170,
2026-09-26T07:14:00,4.140,2.170,
2026-09-26T07:29:00,4.160,2.260,
2026-09-26T07:44:00,4.160,2.260,
2026-09-26T08:00:00,4.190,2.350,
2026-09-26T08:14:00,4.190,2.350,
2026-09-26T08:29:00,4.220,2.420,
2026-09-26T08:45:00,4.250,2.420,
2026-09-26T08:59:00,4.250,2.470,
2026-09-26T09:14:00,4.260,2.470,
2026-09-26T09:29:00,4.260,2.490,
2026-09-26T09:45:00,4.260,2.490,
2026-09-26T10:00:00,4.270,2.510,
2026-09-26T10:14:00,4.280,2.510,
2026-09-26T10:29:00,4.280,2.520,
2026-09-26T10:45:00,4.280,2.520,
2026-09-26T10:59:00,4.290,2.530,
2026-09-26T11:14:00,4.290,2.530,
2026-09-26T11:29:00,4.290,2.530,
2026-09-26T11:45:00,4.300,2.530,
2026-09-26T11:59:00,4.280,2.540,
2026-09-26T12:14:00,4.290,2.540,
2026-09-26T12:29:00,4.290,2.540,
2026-09-26T12:45:00,4.290,2.540,
2026-09-26T13:00:00,4.290,2.540,
2026-09-26T13:14:00,4.290,2.540,
2026-09-26T13:29:00,4.290,2.540,
2026-09-26T13:44:00,4.290,2.540,
2026-09-26T14:00:00,4.290,2.540,
2026-09-26T14:14:00,4.290,2.540,
2026-09-26T14:29:00,4.290,2.530,
2026-09-26T14:44:00,4.290,2.530,
2026-09-26T15:00:00,4.290,2.530,
2026-09-26T15:15:00,4.290,2.530,
2026-09-26T15:29:00,4.290,2.560,
2026-09-26T15:44:00,4.310,2.560,
2026-09-26T16:00:00,4.310,2.590,
2026-09-26T16:14:00,4.320,2.600,
2026-09-26T16:30:00,4.320,2.640,
2026-09-26T16:45:00,4.320,2.640,
2026-09-26T17:00:00,4.320,2.620,
2026-09-26T17:15:00,4.320,2.620,
2026-09-26T17:29:00,4.320,2.590,
2026-09-26T17:45:00,4.310,2.590,
2026-09-26T18:00:00,4.310,2.570,
2026-09-26T18:14:00,4.290,2.570,
2026-09-26T18:29:00,4.290,2.500,
2026-09-26T18:45:00,4.270,2.500,
2026-09-26T18:59:00,4.250,2.450,
2026-09-26T19:15:00,4.250,2.450,
2026-09-26T19:30:00,4.240,2.420,
2026-09-26T19:44:00,4.240,2.430,
2026-09-26T20:00:00,4.230,2.380,
2026-09-26T20:15:00,4.230,2.380,
2026-09-26T20:30:00,4.220,2.350,
2026-09-26T20:44:00,4.220,2.350,
2026-09-26T20:59:00,4.210,2.320,
2026-09-26T21:14:00,4.210,2.320,
2026-09-26T21:30:00,4.210,2.290,
2026-09-26T21:44:00,4.210,2.290,
2026-09-26T21:59:00,4.190,2.270,
2026-09-26T22:14:00,4.190,2.270,
2026-09-26T22:29:00,4.180,2.230,
2026-09-26T22:45:00,4.180,2.230,
2026-09-26T22:59:00,4.170,2.210,
2026-09-26T23:15:00,4.170,2.210,
2026-09-26T23:29:00,4.170,2.190,
2026-09-26T23:45:00,4.160,2.190,
2026-09-26T23:59:00,4.160,2.180,
2026-09-27T00:14:00,4.150,2.180,
2026-09-27T00:29:00,4.150,2.160,
2026-09-27T00:45:00,4.150,2.160,
2026-09-27T00:59:00,4.150,2.140,
2026-09-27T01:15:00,4.140,2.140,
2026-09-27T01:29:00,4.140,2.120,
2026-09-27T01:44:00,4.140,2.120,
2026-09-27T02:00:00,4.140,2.100,
2026-09-27T02:14:00,4.140,2.100,
2026-09-27T02:29:00,4.130,2.100,
2026-09-27T02:45:00,4.130,2.100,
2026-09-27T03:00:00,4.130,2.080,
2026-09-27T03:15:00,4.130,2.080,
2026-09-27T03:29:00,4.130,2.070,
2026-09-27T03:45:00,4.130,2.070,
2026-09-27T03:59:00,4.120,2.050,
2026-09-27T04:14:00,4.120,2.050,
2026-09-27T04:29:00,4.120,2.030,
2026-09-27T04:44:00,4.120,2.030,
2026-09-27T05:00:00,4.120,2.020,
2026-09-27T05:14:00,4.120,2.020,
2026-09-27T05:30:00,4.120,2.020,
2026-09-27T05:44:00,4.110,2.020,
2026-09-27T06:00:00,4.110,2.000,
2026-09-27T06:14:00,4.110,2.000,
2026-09-27T06:29:00,4.100,1.980,
2026-09-27T06:44:00,4.100,1.980,
2026-09-27T06:59:00,4.100,1.980,
2026-09-27T07:14:00,4.100,1.980,
2026-09-27T07:30:00,4.090,1.970,
2026-09-27T07:45:00,4.100,1.970,
2026-09-27T07:59:00,4.100,1.970,
2026-09-27T08:14:00,4.090,1.970,
2026-09-27T08:29:00,4.100,1.980,
2026-09-27T08:45:00,4.100,1.980,
2026-09-27T08:59:00,4.100,1.950,
2026-09-27T09:14:00,4.100,1.950,
2026-09-27T09:30:00,4.100,1.970,
2026-09-27T09:44:00,4.090,1.970,
2026-09-27T09:59:00,4.090,1.940,
2026-09-27T10:14:00,4.090,1.940,
2026-09-27T10:29:00,4.090,1.930,
2026-09-27T10:45:00,4.090,1.930,
2026-09-27T10:59:00,4.090,1.950,
2026-09-27T11:14:00,4.090,1.950,
2026-09-27T11:30:00,4.080,1.920,
2026-09-27T11:44:00,4.080,1.920,
2026-09-27T12:00:00,4.080,1.910,
2026-09-27T12:14:00,4.080,1.910,
2026-09-27T12:29:00,4.090,1.920,
2026-09-27T12:44:00,4.090,1.920,
2026-09-27T12:59:00,4.090,1.920,
2026-09-27T13:14:00,4.090,1.920,
2026-09-27T13:30:00,4.090,1.930,
2026-09-27T13:44:00,4.090,1.930,
2026-09-27T14:00:00,4.090,1.920,
2026-09-27T14:14:00,4.090,1.920,
2026-09-27T14:30:00,4.090,1.920,
2026-09-27T14:45:00,4.080,1.920,
2026-09-27T14:59:00,4.080,1.930,
2026-09-27T15:14:00,4.080,1.930,
2026-09-27T15:29:00,4.080,1.890,
2026-09-27T15:44:00,4.080,1.900,
2026-09-27T16:00:00,4.080,1.920,
2026-09-27T16:15:00,4.080,1.920,
2026-09-27T16:29:00,4.080,1.880,
2026-09-27T16:45:00,4.080,1.880,
2026-09-27T16:59:00,4.070,1.880,
2026-09-27T17:14:00,4.070,1.880,
2026-09-27T17:29:00,4.070,1.880,
2026-09-27T17:45:00,4.070,1.880,
2026-09-27T17:59:00,4.070,1.880,
2026-09-27T18:14:00,4.070,1.880,
2026-09-27T18:29:00,4.070,1.860,
2026-09-27T18:44:00,4.070,1.860,
2026-09-27T18:59:00,4.070,1.860,
2026-09-27T19:15:00,4.070,1.860,
2026-09-27T19:29:00,4.070,1.860,
2026-09-27T19:45:00,4.070,1.860,
2026-09-27T20:00:00,4.070,1.860,
2026-09-27T20:14:00,4.060,1.860,
2026-09-27T20:29:00,4.060,1.850,
2026-09-27T20:44:00,4.060,1.850,
2026-09-27T20:59:00,4.060,1.850,
2026-09-27T21:14:00,4.060,1.860,
2026-09-27T21:29:00,4.060,1.840,
2026-09-27T21:45:00,4.060,1.840,
2026-09-27T21:59:00,4.060,1.840,
2026-09-27T22:15:00,4.050,1.840,
2026-09-27T22:29:00,4.050,1.840,
2026-09-27T22:45:00,4.050,1.840,
2026-09-27T22:59:00,4.050,1.840,
2026-09-27T23:14:00,4.050,1.840,
2026-09-27T23:30:00,4.050,1.830,
2026-09-27T23:44:00,4.050,1.830,
2026-09-27T23:59:00,4.050,1.820,
2026-09-28T00:14:00,4.050,1.820,
2026-09-28T00:29:00,4.050,1.820,
2026-09-28T00:44:00,4.050,1.820,
2026-09-28T01:00:00,4.050,1.810,
2026-09-28T01:15:00,4.050,1.810,
2026-09-28T01:29:00,4.050,1.820,
2026-09-28T01:45:00,4.050,1.820,
2026-09-28T02:00:00,4.050,1.820,
2026-09-28T02:15:00,4.050,1.820,
2026-09-28T02:30:00,4.050,1.820,
2026-09-28T02:45:00,4.050,1.820,
2026-09-28T02:59:00,4.040,1.810,
2026-09-28T03:14:00,4.040,1.810,
2026-09-28T03:30:00,4.040,1.810,
2026-09-28T03:44:00,4.040,1.810,
2026-09-28T03:59:00,4.040,1.800,
2026-09-28T04:15:00,4.040,1.800,
2026-09-28T04:29:00,4.040,1.790,
2026-09-28T04:45:00,4.040,1.790,
2026-09-28T04:59:00,4.040,1.840,
2026-09-28T05:15:00,4.050,1.840,
2026-09-28T05:30:00,4.050,1.860,
2026-09-28T05:45:00,4.070,1.860,
2026-09-28T05:59:00,4.060,1.900,
2026-09-28T06:14:00,4.090,1.900,
2026-09-28T06:29:00,4.090,1.930,
2026-09-28T06:44:00,4.090,1.930,
2026-09-28T06:59:00,4.090,1.940,
2026-09-28T07:15:00,4.090,1.940,
2026-09-28T07:30:00,4.090,1.940,
2026-09-28T07:44:00,4.090,1.940,
2026-09-28T08:00:00,4.090,1.930,
2026-09-28T08:15:00,4.090,1.930,
2026-09-28T08:30:00,4.080,1.910,
2026-09-28T08:44:00,4.080,1.910,
2026-09-28T08:59:00,4.080,1.900,
2026-09-28T09:14:00,4.080,1.900,
2026-09-28T09:29:00,4.080,1.900,
2026-09-28T09:44:00,4.080,1.900,
2026-09-28T10:00:00,4.080,1.890,
2026-09-28T10:15:00,4.070,1.890,
2026-09-28T10:29:00,4.070,1.870,
2026-09-28T10:44:00,4.070,1.870,
2026-09-28T10:59:00,4.070,1.860,
2026-09-28T11:15:00,4.070,1.860,
2026-09-28T11:30:00,4.070,1.860,
2026-09-28T11:44:00,4.060,1.860,
2026-09-28T11:59:00,4.060,1.860,
2026-09-28T12:14:00,4.060,1.860,
2026-09-28T12:29:00,4.070,1.860,
2026-09-28T12:44:00,4.060,1.860,
2026-09-28T12:59:00,4.060,1.860,
2026-09-28T13:14:00,4.060,1.860,
2026-09-28T13:30:00,4.060,1.840,
2026-09-28T13:44:00,4.060,1.840,
2026-09-28T14:00:00,4.060,1.840,
2026-09-28T14:15:00,4.060,1.840,
2026-09-28T14:30:00,4.060,1.870,
2026-09-28T14:45:00,4.060,1.870,
2026-09-28T15:00:00,4.050,1.830,
2026-09-28T15:15:00,4.050,1.830,
2026-09-28T15:30:00,4.050,1.820,
2026-09-28T15:44:00,4.050,1.820,
2026-09-28T16:00:00,4.050,1.830,
2026-09-28T16:14:00,4.050,1.830,
2026-09-28T16:30:00,4.050,1.850,
2026-09-28T16:44:00,4.050,1.850,
2026-09-28T17:00:00,4.050,1.850,
2026-09-28T17:14:00,4.050,1.850,
2026-09-28T17:29:00,4.050,1.820,
2026-09-28T17:44:00,4.050,1.820,
2026-09-28T18:00:00,4.040,1.820,
2026-09-28T18:14:00,4.040,1.820,
2026-09-28T18:30:00,4.040,1.820,
2026-09-28T18:45:00,4.040,1.820,
2026-09-28T19:00:00,4.040,1.800,
2026-09-28T19:14:00,4.040,1.800,
2026-09-28T19:30:00,4.040,1.800,
2026-09-28T19:44:00,4.040,1.800,
2026-09-28T19:59:00,4.040,1.800,
2026-09-28T20:14:00,4.040,1.800,
2026-09-28T20:29:00,4.040,1.800,
2026-09-28T20:45:00,4.040,1.800,
2026-09-28T21:00:00,4.040,1.790,
2026-09-28T21:14:00,4.040,1.790,
2026-09-28T21:30:00,4.040,1.800,
2026-09-28T21:44:00,4.040,1.800,
2026-09-28T22:00:00,4.040,1.780,
2026-09-28T22:14:00,4.040,1.780,
2026-09-28T22:29:00,4.040,1.790,
2026-09-28T22:44:00,4.040,1.790,
2026-09-28T23:00:00,4.040,1.790,
2026-09-28T23:14:00,4.040,1.790,
2026-09-28T23:30:00,4.040,1.790,
2026-09-28T23:44:00,4.040,1.790,
2026-09-28T23:59:00,4.040,1.790,
2026-09-29T00:14:00,4.040,1.790,
2026-09-29T00:29:00,4.040,1.780,
2026-09-29T00:45:00,4.030,1.780,
2026-09-29T01:00:00,4.030,1.770,
2026-09-29T01:14:00,4.030,1.770,
2026-09-29T01:30:00,4.030,1.770,
2026-09-29T01:45:00,4.030,1.770,
2026-09-29T02:00:00,4.030,1.780,
2026-09-29T02:14:00,4.030,1.780,
2026-09-29T02:30:00,4.030,1.760,
2026-09-29T02:44:00,4.030,1.760,
2026-09-29T03:00:00,4.020,1.760,
2026-09-29T03:15:00,4.030,1.760,
2026-09-29T03:30:00,4.030,1.760,
2026-09-29T03:44:00,4.030,1.760,
2026-09-29T03:59:00,4.030,1.750,
2026-09-29T04:14:00,4.030,1.750,
2026-09-29T04:30:00,4.030,1.760,
2026-09-29T04:44:00,4.030,1.760,
2026-09-29T05:00:00,4.020,1.750,
2026-09-29T05:15:00,4.020,1.750,
2026-09-29T05:29:00,4.020,1.760,
2026-09-29T05:45:00,4.020,1.760,
2026-09-29T06:00:00,4.020,1.750,
2026-09-29T06:15:00,4.020,1.750,
2026-09-29T06:29:00,4.020,1.740,
2026-09-29T06:45:00,4.040,1.740,
2026-09-29T07:00:00,4.040,1.720,
2026-09-29T07:15:00,4.050,1.720,
2026-09-29T07:45:00,4.050,1.750,
2026-09-29T08:00:00,4.060,1.740,
2026-09-29T08:15:00,4.050,1.740,
2026-09-29T08:30:00,4.050,1.730,
2026-09-29T08:44:00,4.050,1.730,
2026-09-29T08:59:00,4.050,1.730,
2026-09-29T09:14:00,4.050,1.730,
2026-09-29T09:30:00,4.050,1.720,
2026-09-29T09:44:00,4.050,1.720,
2026-09-29T10:00:00,4.050,1.730,
2026-09-29T10:15:00,4.050,1.730,
2026-09-29T10:29:00,4.050,1.720,
2026-09-29T10:44:00,4.050,1.720,
2026-09-29T10:59:00,4.040,1.730,
2026-09-29T11:14:00,4.050,1.730,
2026-09-29T11:30:00,4.050,1.750,
2026-09-29T11:44:00,4.050,1.750,
2026-09-29T12:00:00,4.050,1.720,
2026-09-29T12:14:00,4.050,1.720,
2026-09-29T12:30:00,4.050,1.720,
2026-09-29T12:45:00,4.050,1.720,
2026-09-29T13:00:00,4.050,1.750,
2026-09-29T13:15:00,4.050,1.750,
2026-09-29T13:30:00,4.040,1.720,
2026-09-29T13:44:00,4.040,1.720,
2026-09-29T14:00:00,4.040,1.720,
2026-09-29T14:15:00,4.040,1.720,
2026-09-29T14:30:00,4.040,1.720,
2026-09-29T14:44:00,4.040,1.720,
2026-09-29T15:00:00,4.040,1.720,
2026-09-29T15:15:00,4.040,1.720,
2026-09-29T15:30:00,4.040,1.720,
2026-09-29T15:44:00,4.040,1.720,
2026-09-29T15:59:00,4.040,1.720,
2026-09-29T16:14:00,4.040,1.710,
2026-09-29T16:29:00,4.040,1.750,
2026-09-29T16:44:00,4.040,1.750,
2026-09-29T17:00:00,4.040,1.760,
2026-09-29T17:15:00,4.040,1.760,
2026-09-29T17:29:00,4.040,1.770,
2026-09-29T17:45:00,4.040,1.770,
2026-09-29T17:59:00,4.040,1.770,
2026-09-29T18:15:00,4.040,1.770,
2026-09-29T18:29:00,4.040,1.770,
2026-09-29T18:44:00,4.040,1.770,
2026-09-29T19:00:00,4.040,1.750,
2026-09-29T19:15:00,4.040,1.750,
2026-09-29T19:30:00,4.040,1.750,
2026-09-29T19:45:00,4.040,1.750,
2026-09-29T19:59:00,4.040,1.750,
2026-09-29T20:14:00,4.040,1.750,
2026-09-29T20:30:00,4.040,1.740,
2026-09-29T20:44:00,4.040,1.740,
2026-09-29T20:59:00,4.040,1.740,
2026-09-29T21:15:00,4.040,1.740,
2026-09-29T21:29:00,4.040,1.740,
2026-09-29T21:45:00,4.040,1.740,
2026-09-29T21:59:00,4.040,1.740,
2026-09-29T22:14:00,4.040,1.740,
2026-09-29T22:29:00,4.040,1.740,
2026-09-29T22:44:00,4.040,1.740,
2026-09-29T22:59:00,4.040,1.740,
2026-09-29T23:14:00,4.040,1.740,
2026-09-29T23:29:00,4.040,1.740,
2026-09-29T23:44:00,4.040,1.740,
2026-09-30T00:00:00,4.040,1.740,
2026-09-30T00:14:00,4.040,1.740,
2026-09-30T00:30:00,4.040,1.740,
2026-09-30T00:44:00,4.040,1.740,
2026-09-30T00:59:00,4.040,1.740,
2026-09-30T01:15:00,4.040,1.740,
2026-09-30T01:29:00,4.040,1.740,
2026-09-30T01:44:00,4.040,1.740,
2026-09-30T02:00:00,4.040,1.740,
2026-09-30T02:15:00,4.040,1.740,
2026-09-30T02:30:00,4.040,1.730,
2026-09-30T02:45:00,4.040,1.740,
2026-09-30T03:00:00,4.040,1.730,
2026-09-30T03:15:00,4.040,1.730,
2026-09-30T03:30:00,4.030,1.730,
2026-09-30T03:44:00,4.030,1.730,
2026-09-30T04:00:00,4.030,1.730,
2026-09-30T04:14:00,4.030,1.730,
2026-09-30T04:29:00,4.030,1.730,
2026-09-30T04:45:00,4.040,1.730,
2026-09-30T04:59:00,4.040,1.730,
2026-09-30T05:14:00,4.030,1.730,
2026-09-30T05:30:00,4.030,1.730,
2026-09-30T05:45:00,4.030,1.730,
2026-09-30T06:00:00,4.030,1.730,
2026-09-30T06:15:00,4.030,1.730,
2026-09-30T06:30:00,4.030,1.730,
2026-09-30T06:44:00,4.030,1.730,
2026-09-30T07:00:00,4.030,1.730,
2026-09-30T07:15:00,4.030,1.730,
2026-09-30T07:30:00,4.030,1.730,
2026-09-30T07:44:00,4.030,1.730,
2026-09-30T08:00:00,4.030,1.730,
2026-09-30T08:14:00,4.030,1.730,
2026-09-30T08:29:00,4.030,1.730,
2026-09-30T08:44:00,4.030,1.730,
2026-09-30T09:00:00,4.020,1.740,
2026-09-30T09:14:00,4.020,1.740,
2026-09-30T09:30:00,4.020,1.710,
2026-09-30T09:44:00,4.030,1.710,
2026-09-30T10:00:00,4.020,1.720,
2026-09-30T10:14:00,4.020,1.720,
2026-09-30T10:30:00,4.020,1.720,
2026-09-30T10:45:00,4.020,1.720,
2026-09-30T10:59:00,4.020,1.720,
2026-09-30T11:15:00,4.020,1.720,
2026-09-30T11:30:00,4.020,1.720,
2026-09-30T11:45:00,4.020,1.720,
2026-09-30T12:00:00,4.030,1.720,
2026-09-30T12:14:00,4.030,1.720,
2026-09-30T12:30:00,4.020,1.720,
2026-09-30T12:44:00,4.020,1.720,
2026-09-30T12:59:00,4.020,1.720,
2026-09-30T13:15:00,4.020,1.720,
2026-09-30T13:30:00,4.020,1.730,
2026-09-30T13:44:00,4.020,1.730,
2026-09-30T14:00:00,4.020,1.710,
2026-09-30T14:14:00,4.010,1.710,
2026-09-30T14:30:00,4.020,1.730,
2026-09-30T14:44:00,4.020,1.730,
2026-09-30T15:00:00,4.020,1.730,
2026-09-30T15:14:00,4.020,1.730,
2026-09-30T15:30:00,4.020,1.680,
2026-09-30T15:44:00,4.020,1.680,
2026-09-30T15:59:00,4.020,1.700,
2026-09-30T16:15:00,4.020,1.700,
2026-09-30T16:30:00,4.020,1.700,
2026-09-30T16:44:00,4.020,1.700,
2026-09-30T17:00:00,4.020,1.700,
2026-09-30T17:14:00,4.020,1.700,
2026-09-30T17:30:00,4.020,1.700,
2026-09-30T17:44:00,4.020,1.700,
2026-09-30T18:00:00,4.020,1.700,
2026-09-30T18:14:00,4.020,1.700,
2026-09-30T18:30:00,4.020,1.710,
2026-09-30T18:44:00,4.020,1.710,
2026-09-30T19:00:00,4.020,1.690,
2026-09-30T19:14:00,4.020,1.690,
2026-09-30T19:30:00,4.020,1.690,
2026-09-30T19:45:00,4.020,1.690,
2026-09-30T19:59:00,4.020,1.680,
2026-09-30T20:14:00,4.020,1.680,
2026-09-30T20:29:00,4.020,1.680,
2026-09-30T20:44:00,4.020,1.680,
2026-09-30T21:00:00,4.020,1.680,
2026-09-30T21:14:00,4.020,1.680,
2026-09-30T21:30:00,4.020,1.680,
2026-09-30T21:44:00,4.020,1.680,
2026-09-30T22:00:00,4.020,1.680,
2026-09-30T22:14:00,4.020,1.680,
2026-09-30T22:29:00,4.020,1.680,
2026-09-30T22:44:00,4.020,1.680,
2026-09-30T23:00:00,4.020,1.680,
2026-09-30T23:15:00,4.020,1.680,
2026-09-30T23:30:00,4.020,1.680,
2026-09-30T23:44:00,4.020,1.680,
2026-09-30T23:59:00,4.020,1.680,
