offset_m,elev_msl_m,label
-55.0,42.29400000000001,""
-47.0,42.35300000000001,""
-45.0,41.66700000000001,""
-20.0,41.405,""
-15.0,41.368,""
-10.0,41.405,""
-5.0,41.43,""
0.0,41.466,"R1"
2.0,41.300000000000004,""
4.0,40.27,""
6.0,39.429,""
8.0,38.909,""
10.0,38.433,""
12.0,38.21,""
14.0,37.831,""
16.0,37.5,""
18.0,37.018,""
20.0,36.429,""
22.0,35.897000000000006,""
23.6,35.556000000000004,"ผิวน้ำซ้าย"
24.0,35.205999999999996,""
26.0,34.855999999999995,""
28.0,34.766,"ท้องน้ำ"
30.0,34.955999999999996,""
32.0,35.006,""
34.0,35.116,""
36.0,35.205999999999996,""
38.0,35.186,""
40.0,35.166,""
42.0,35.025999999999996,""
44.0,35.156,""
45.5,35.556000000000004,"ผิวน้ำขวา"
46.0,36.045,""
48.0,36.300000000000004,""
50.0,36.885000000000005,""
52.0,37.84,""
54.0,38.778000000000006,""
56.0,39.29900000000001,""
58.0,40.312000000000005,"R2"
60.0,40.144000000000005,""
65.0,40.08800000000001,""
70.0,39.75900000000001,""
75.0,39.732000000000006,""
80.0,39.852000000000004,""
85.0,40.274,""
90.0,40.578,""
95.0,40.928000000000004,""
100.0,40.867000000000004,""
