date,west_foothill,mid_plain,town_east
20210601,1.13,1.13,0.79
20210602,0.02,0.02,0.21
20210603,0.0,0.0,0.03
20210604,0.22,0.22,0.22
20210605,3.48,3.48,1.98
20210606,8.35,8.35,3.9
20210607,8.63,8.63,8.63
20210608,3.61,3.61,4.39
20210609,2.86,2.86,3.07
20210610,7.76,7.76,8.05
20210611,9.58,9.58,10.6
20210612,10.66,10.66,9.37
20210613,11.19,11.19,11.74
20210614,3.35,3.35,2.59
20210615,6.37,6.37,6.66
20210616,3.06,3.06,4.3
20210617,8.45,8.45,11.58
20210618,0.84,0.84,0.55
20210619,3.76,3.76,3.88
20210620,8.85,8.85,15.31
20210621,1.66,1.66,2.78
20210622,0.3,0.3,0.05
20210623,0.2,0.2,0.39
20210624,0.24,0.24,0.15
20210625,0.32,0.32,0.25
20210626,0.53,0.53,0.61
20210627,3.24,3.24,2.18
20210628,3.82,3.82,3.03
20210629,11.62,11.62,17.11
20210630,12.42,12.42,12.85
20210701,3.68,3.68,4.7
20210702,2.47,2.47,3.33
20210703,0.3,0.3,0.19
20210704,0.07,0.07,0.05
20210705,1.6,1.6,3.02
20210706,21.93,21.93,16.37
20210707,29.02,29.02,21.91
20210708,32.74,32.74,32.67
20210709,11.68,11.68,14.89
20210710,10.78,10.78,10.6
20210711,17.72,17.72,19.64
20210712,2.19,2.19,1.4
20210713,2.08,2.08,1.21
20210714,8.39,8.39,9.51
20210715,23.32,23.32,15.74
20210716,7.54,7.54,8.11
20210717,7.04,7.04,9.16
20210718,8.64,8.64,11.37
20210719,16.02,16.02,13.2
20210720,4.13,4.13,3.94
20210721,1.92,1.92,1.61
20210722,3.07,3.07,1.74
20210723,7.7,7.7,5.63
20210724,38.13,38.13,37.7
20210725,21.78,21.78,22.37
20210726,5.23,5.23,5.73
20210727,0.19,0.19,0.44
20210728,3.72,3.72,6.26
20210729,2.94,2.94,3.76
20210730,5.21,5.21,7.33
20210731,1.1,1.1,1.42
20210801,0.1,0.1,0.12
20210802,1.53,1.53,2.59
20210803,2.94,2.94,2.06
20210804,0.24,0.24,0.27
20210805,15.4,15.4,19.32
20210806,6.48,6.48,2.36
20210807,1.85,1.85,2.92
20210808,0.45,0.45,1.35
20210809,0.01,0.01,0.0
20210810,2.09,2.09,1.31
20210811,5.17,5.17,7.01
20210812,3.27,3.27,4.65
20210813,12.85,12.85,9.11
20210814,17.58,17.58,15.99
20210815,13.79,13.79,18.73
20210816,3.2,3.2,4.67
20210817,0.02,0.02,0.03
20210818,0.17,0.17,0.06
20210819,0.79,0.79,0.67
20210820,15.56,15.56,8.3
20210821,2.87,2.87,7.25
20210822,3.62,3.62,4.94
20210823,1.82,1.82,2.72
20210824,8.24,8.24,5.07
20210825,15.32,15.32,12.93
20210826,20.98,20.98,34.73
20210827,10.19,10.19,13.51
20210828,18.76,18.76,25.46
20210829,16.12,16.12,18.44
20210830,5.67,5.67,3.7
20210831,17.13,17.13,17.65
20210901,12.7,12.7,10.28
20210902,9.73,9.73,7.62
20210903,4.05,4.05,3.63
20210904,15.26,15.26,17.17
20210905,9.47,9.47,13.96
20210906,9.45,9.45,9.13
20210907,34.71,34.71,39.39
20210908,13.72,13.72,12.8
20210909,20.1,20.1,27.94
20210910,15.15,15.15,14.92
20210911,2.48,2.48,2.58
20210912,3.27,3.27,3.25
20210913,3.71,3.71,3.66
20210914,10.15,10.15,5.29
20210915,8.46,8.46,6.87
20210916,3.62,3.62,6.1
20210917,6.67,6.67,6.06
20210918,1.06,1.06,1.52
20210919,10.63,10.63,14.69
20210920,21.56,21.56,24.77
20210921,18.24,18.24,19.13
20210922,12.96,12.96,10.37
20210923,18.62,18.62,19.3
20210924,32.21,32.21,22.42
20210925,37.57,37.57,29.79
20210926,19.94,19.94,18.95
20210927,5.17,5.17,4.61
20210928,2.02,2.02,2.84
20210929,2.05,2.05,1.7
20210930,0.77,0.77,1.32
20211001,0.89,0.89,1.04
20211002,6.5,6.5,4.24
20211003,4.5,4.5,5.16
20211004,5.49,5.49,6.82
20211005,7.21,7.21,12.72
20211006,7.64,7.64,11.38
20211007,7.36,7.36,9.69
20211008,3.43,3.43,3.9
20211009,3.38,3.38,4.34
20211010,0.75,0.75,1.9
20211011,7.52,7.52,9.81
20211012,7.06,7.06,8.08
20211013,20.22,20.22,27.39
20211014,10.12,10.12,8.27
20211015,34.14,34.14,36.06
20211016,31.9,31.9,15.84
20211017,20.15,20.15,23.9
20211018,6.47,6.47,6.18
20211019,0.43,0.43,0.12
20211020,0.97,0.97,0.56
20211021,1.37,1.37,2.07
20211022,6.75,6.75,9.22
20211023,3.47,3.47,2.44
20211024,0.03,0.03,0.52
20211025,0.01,0.01,0.09
20211026,0.0,0.0,0.26
20211027,0.3,0.3,0.48
20211028,9.85,9.85,8.35
20211029,4.23,4.23,1.91
20211030,7.44,7.44,4.31
20211031,6.3,6.3,5.91
20211101,6.02,6.02,4.13
20211102,4.07,4.07,2.46
20211103,1.98,1.98,3.25
20211104,0.8,0.8,0.44
20211105,0.11,0.11,0.32
20211106,0.72,0.72,0.83
20211107,1.42,1.42,3.4
20211108,0.57,0.57,1.84
20211109,0.15,0.15,0.3
20211110,0.0,0.0,0.0
20211111,0.03,0.03,0.03
20211112,0.09,0.09,0.04
20211113,0.0,0.0,0.0
20211114,1.06,1.06,0.64
20211115,0.25,0.25,0.27
20211116,0.16,0.16,0.3
20211117,0.09,0.09,0.19
20211118,0.23,0.23,0.76
20211119,0.16,0.16,0.73
20211120,0.19,0.19,0.42
20211121,0.15,0.15,0.34
20211122,0.39,0.39,0.53
20211123,0.81,0.81,1.44
20211124,0.68,0.68,0.85
20211125,0.0,0.0,0.0
20211126,0.0,0.0,0.0
20211127,0.0,0.0,0.0
20211128,0.0,0.0,0.0
20211129,0.0,0.0,0.01
20211130,0.0,0.0,0.01
20211201,0.0,0.0,0.0
20211202,0.0,0.0,0.0
20211203,0.0,0.0,0.02
20211204,0.0,0.0,0.0
20211205,0.0,0.0,0.0
20211206,0.0,0.0,0.0
20211207,0.0,0.0,0.0
20211208,0.0,0.0,0.0
20211209,0.0,0.0,0.0
20211210,0.0,0.0,0.0
20211211,0.0,0.0,0.0
20211212,0.0,0.0,0.0
20211213,0.0,0.0,0.0
20211214,0.0,0.0,0.0
20211215,0.0,0.0,0.0
20211216,0.0,0.0,0.0
20211217,0.0,0.0,0.0
20211218,0.0,0.0,0.0
20211219,0.0,0.0,0.0
20211220,0.0,0.0,0.0
20211221,0.0,0.0,0.0
20211222,0.0,0.0,0.0
20211223,0.0,0.0,0.0
20211224,0.43,0.43,0.07
20211225,4.85,4.85,3.26
20211226,3.55,3.55,1.62
20211227,0.03,0.03,0.01
20211228,0.0,0.0,0.0
20211229,0.0,0.0,0.0
20211230,0.0,0.0,0.0
20211231,0.0,0.0,0.0
20220101,0.0,0.0,0.0
20220102,0.0,0.0,0.0
20220103,0.0,0.0,0.0
20220104,0.0,0.0,0.0
20220105,0.0,0.0,0.0
20220106,0.0,0.0,0.0
20220107,0.0,0.0,0.0
20220108,0.0,0.0,0.0
20220109,0.0,0.0,0.0
20220110,0.0,0.0,0.0
20220111,0.0,0.0,0.0
20220112,0.0,0.0,0.04
20220113,0.0,0.0,0.01
20220114,0.0,0.0,0.0
20220115,0.0,0.0,0.0
20220116,0.0,0.0,0.0
20220117,0.0,0.0,0.0
20220118,0.0,0.0,0.0
20220119,0.0,0.0,0.0
20220120,1.57,1.57,0.53
20220121,3.58,3.58,2.86
20220122,5.11,5.11,4.85
20220123,0.88,0.88,0.96
20220124,0.01,0.01,0.01
20220125,0.0,0.0,0.0
20220126,0.0,0.0,0.0
20220127,1.12,1.12,1.83
20220128,0.05,0.05,0.19
20220129,0.09,0.09,0.02
20220130,0.01,0.01,0.0
20220131,0.0,0.0,0.04
20220201,0.0,0.0,0.05
20220202,3.38,3.38,3.1
20220203,1.0,1.0,3.34
20220204,2.1,2.1,1.68
20220205,1.49,1.49,5.48
20220206,0.0,0.0,0.0
20220207,0.0,0.0,0.0
20220208,0.0,0.0,0.0
20220209,1.02,1.02,2.29
20220210,2.06,2.06,3.44
20220211,1.27,1.27,1.26
20220212,11.64,11.64,17.0
20220213,0.1,0.1,0.07
20220214,9.09,9.09,16.13
20220215,3.38,3.38,4.26
20220216,0.9,0.9,1.52
20220217,3.41,3.41,5.31
20220218,1.43,1.43,2.35
20220219,1.74,1.74,1.47
20220220,2.25,2.25,1.75
20220221,1.29,1.29,1.95
20220222,0.36,0.36,0.66
20220223,0.0,0.0,0.01
20220224,0.0,0.0,0.0
20220225,0.0,0.0,0.0
20220226,0.0,0.0,0.0
20220227,0.0,0.0,0.0
20220228,0.0,0.0,0.0
20220301,0.0,0.0,0.0
20220302,0.27,0.27,0.43
20220303,0.11,0.11,0.44
20220304,0.0,0.0,0.01
20220305,0.15,0.15,0.01
20220306,1.62,1.62,0.14
20220307,19.79,19.79,17.11
20220308,0.71,0.71,3.45
20220309,0.0,0.0,0.03
20220310,0.03,0.03,0.06
20220311,0.0,0.0,0.0
20220312,0.0,0.0,0.0
20220313,0.47,0.47,0.11
20220314,0.23,0.23,0.04
20220315,0.24,0.24,0.01
20220316,3.51,3.51,1.35
20220317,0.66,0.66,0.26
20220318,21.94,21.94,14.15
20220319,2.36,2.36,2.83
20220320,3.32,3.32,7.32
20220321,4.43,4.43,8.6
20220322,5.07,5.07,6.26
20220323,2.1,2.1,2.59
20220324,3.15,3.15,2.62
20220325,6.73,6.73,3.87
20220326,1.08,1.08,0.66
20220327,0.18,0.18,0.09
20220328,3.39,3.39,3.24
20220329,4.39,4.39,4.55
20220330,1.96,1.96,1.55
20220331,0.26,0.26,1.08
20220401,1.56,1.56,1.43
20220402,24.96,24.96,13.74
20220403,2.18,2.18,1.57
20220404,0.06,0.06,0.08
20220405,0.0,0.0,0.0
20220406,0.0,0.0,0.0
20220407,0.0,0.0,0.0
20220408,0.0,0.0,0.0
20220409,0.0,0.0,0.0
20220410,0.0,0.0,0.0
20220411,0.0,0.0,0.0
20220412,0.08,0.08,0.03
20220413,0.04,0.04,0.07
20220414,0.64,0.64,0.45
20220415,0.17,0.17,0.04
20220416,2.64,2.64,1.81
20220417,5.17,5.17,6.84
20220418,13.64,13.64,19.89
20220419,12.87,12.87,11.78
20220420,2.42,2.42,2.35
20220421,4.12,4.12,12.12
20220422,1.22,1.22,1.37
20220423,1.11,1.11,0.73
20220424,0.01,0.01,0.09
20220425,0.01,0.01,0.03
20220426,0.12,0.12,0.24
20220427,0.22,0.22,0.3
20220428,16.04,16.04,14.6
20220429,0.35,0.35,0.6
20220430,5.96,5.96,6.47
20220501,11.11,11.11,8.18
20220502,17.21,17.21,18.31
20220503,0.31,0.31,0.18
20220504,0.01,0.01,0.0
20220505,0.04,0.04,0.03
20220506,7.56,7.56,6.49
20220507,10.65,10.65,9.25
20220508,12.05,12.05,13.25
20220509,11.25,11.25,9.26
20220510,16.62,16.62,17.49
20220511,15.48,15.48,11.92
20220512,10.28,10.28,6.27
20220513,0.7,0.7,0.71
20220514,0.49,0.49,0.35
20220515,21.35,21.35,14.1
20220516,30.82,30.82,27.84
20220517,44.96,44.96,45.23
20220518,16.49,16.49,20.95
20220519,7.26,7.26,6.7
20220520,10.34,10.34,5.65
20220521,8.82,8.82,5.43
20220522,1.48,1.48,3.89
20220523,0.02,0.02,0.06
20220524,9.83,9.83,7.48
20220525,1.74,1.74,0.92
20220526,0.11,0.11,0.2
20220527,10.74,10.74,9.89
20220528,2.37,2.37,2.46
20220529,2.7,2.7,5.04
20220530,1.48,1.48,0.5
20220531,6.65,6.65,5.03
20220601,0.75,0.75,1.44
20220602,1.93,1.93,1.87
20220603,6.0,6.0,7.03
20220604,14.43,14.43,7.75
20220605,12.28,12.28,8.55
20220606,3.65,3.65,5.18
20220607,2.0,2.0,1.76
20220608,0.68,0.68,1.03
20220609,0.18,0.18,0.11
20220610,0.83,0.83,1.17
20220611,0.24,0.24,0.27
20220612,1.0,1.0,2.68
20220613,0.77,0.77,2.38
20220614,0.22,0.22,0.31
20220615,3.7,3.7,3.18
20220616,1.34,1.34,2.44
20220617,9.73,9.73,4.65
20220618,5.16,5.16,4.66
20220619,0.53,0.53,2.2
20220620,1.11,1.11,1.05
20220621,4.63,4.63,7.26
20220622,0.22,0.22,0.74
20220623,1.09,1.09,5.41
20220624,6.44,6.44,11.56
20220625,2.9,2.9,2.83
20220626,2.06,2.06,2.09
20220627,4.4,4.4,7.68
20220628,11.17,11.17,15.41
20220629,4.8,4.8,8.67
20220630,6.76,6.76,10.02
20220701,6.42,6.42,10.85
20220702,2.8,2.8,3.66
20220703,3.67,3.67,6.96
20220704,2.43,2.43,1.81
20220705,2.06,2.06,6.83
20220706,0.78,0.78,1.69
20220707,6.64,6.64,7.11
20220708,22.45,22.45,24.43
20220709,11.35,11.35,12.6
20220710,17.24,17.24,14.29
20220711,12.68,12.68,11.73
20220712,11.49,11.49,8.73
20220713,5.14,5.14,4.4
20220714,14.46,14.46,23.38
20220715,3.53,3.53,2.6
20220716,1.6,1.6,2.17
20220717,2.7,2.7,2.38
20220718,0.2,0.2,0.26
20220719,7.48,7.48,4.8
20220720,34.3,34.3,28.35
20220721,30.25,30.25,42.76
20220722,5.19,5.19,4.65
20220723,1.5,1.5,2.08
20220724,4.33,4.33,10.62
20220725,7.51,7.51,9.21
20220726,0.2,0.2,0.19
20220727,3.72,3.72,4.11
20220728,17.64,17.64,18.17
20220729,4.17,4.17,2.26
20220730,11.34,11.34,8.06
20220731,39.62,39.62,23.74
20220801,13.93,13.93,25.14
20220802,15.36,15.36,20.37
20220803,5.86,5.86,9.27
20220804,10.86,10.86,10.11
20220805,3.53,3.53,6.48
20220806,6.24,6.24,8.64
20220807,15.06,15.06,11.79
20220808,30.9,30.9,37.82
20220809,5.79,5.79,5.02
20220810,14.99,14.99,13.06
20220811,11.76,11.76,15.37
20220812,8.73,8.73,9.13
20220813,4.15,4.15,2.98
20220814,1.78,1.78,1.07
20220815,40.4,40.4,49.53
20220816,17.87,17.87,17.83
20220817,11.86,11.86,15.17
20220818,1.59,1.59,2.64
20220819,16.85,16.85,10.93
20220820,9.31,9.31,7.3
20220821,9.02,9.02,8.33
20220822,1.23,1.23,1.82
20220823,0.17,0.17,0.07
20220824,5.41,5.41,6.93
20220825,35.69,35.69,34.4
20220826,32.98,32.98,48.86
20220827,3.54,3.54,7.58
20220828,4.98,4.98,5.15
20220829,17.07,17.07,24.83
20220830,4.67,4.67,2.54
20220831,8.68,8.68,11.27
20220901,5.65,5.65,4.96
20220902,29.66,29.66,15.72
20220903,4.46,4.46,4.93
20220904,3.93,3.93,6.05
20220905,5.22,5.22,5.49
20220906,13.09,13.09,21.76
20220907,34.64,34.64,34.16
20220908,18.21,18.21,22.68
20220909,14.41,14.41,10.65
20220910,15.11,15.11,18.61
20220911,8.97,8.97,2.95
20220912,8.95,8.95,15.72
20220913,6.32,6.32,5.94
20220914,7.95,7.95,9.86
20220915,3.4,3.4,2.81
20220916,6.0,6.0,7.11
20220917,8.39,8.39,9.56
20220918,13.03,13.03,14.17
20220919,6.86,6.86,5.24
20220920,10.54,10.54,8.13
20220921,9.83,9.83,11.55
20220922,10.41,10.41,12.89
20220923,16.8,16.8,17.01
20220924,13.54,13.54,13.19
20220925,43.85,43.85,52.49
20220926,22.31,22.31,32.06
20220927,11.9,11.9,10.19
20220928,40.5,40.5,33.37
20220929,74.0,74.0,55.47
20220930,8.7,8.7,5.38
20221001,6.09,6.09,5.45
20221002,23.02,23.02,15.59
20221003,28.6,28.6,30.31
20221004,3.6,3.6,6.32
20221005,5.29,5.29,2.73
20221006,8.71,8.71,12.99
20221007,7.29,7.29,12.04
20221008,9.34,9.34,14.63
20221009,16.89,16.89,16.4
20221010,10.22,10.22,12.97
20221011,1.57,1.57,5.14
20221012,0.33,0.33,0.76
20221013,0.0,0.0,0.01
20221014,2.79,2.79,1.51
20221015,4.93,4.93,2.71
20221016,0.99,0.99,0.22
20221017,0.01,0.01,0.0
20221018,0.0,0.0,0.0
20221019,0.0,0.0,0.0
20221020,0.0,0.0,0.0
20221021,0.03,0.03,0.37
20221022,1.4,1.4,3.17
20221023,0.49,0.49,0.78
20221024,1.67,1.67,0.59
20221025,0.02,0.02,0.01
20221026,1.77,1.77,2.97
20221027,1.12,1.12,2.22
20221028,0.21,0.21,0.62
20221029,0.02,0.02,0.01
20221030,0.0,0.0,0.0
20221031,0.0,0.0,0.0
20221101,0.0,0.0,0.0
20221102,0.0,0.0,0.0
20221103,0.0,0.0,0.0
20221104,0.0,0.0,0.0
20221105,0.0,0.0,0.0
20221106,0.0,0.0,0.0
20221107,0.0,0.0,0.0
20221108,0.0,0.0,0.0
20221109,0.0,0.0,0.0
20221110,0.0,0.0,0.0
20221111,0.0,0.0,0.0
20221112,0.07,0.07,0.21
20221113,5.14,5.14,6.91
20221114,10.74,10.74,8.71
20221115,2.06,2.06,1.84
20221116,1.5,1.5,1.09
20221117,1.17,1.17,1.21
20221118,4.67,4.67,4.54
20221119,0.69,0.69,0.42
20221120,1.75,1.75,2.91
20221121,0.39,0.39,0.46
20221122,0.0,0.0,0.01
20221123,6.32,6.32,7.88
20221124,4.83,4.83,6.27
20221125,9.69,9.69,10.61
20221126,8.59,8.59,13.91
20221127,3.71,3.71,4.76
20221128,0.13,0.13,0.45
20221129,0.58,0.58,0.96
20221130,4.28,4.28,1.7
20221201,1.89,1.89,1.2
20221202,0.29,0.29,0.59
20221203,0.0,0.0,0.0
20221204,0.04,0.04,0.07
20221205,0.17,0.17,0.29
20221206,0.0,0.0,0.0
20221207,0.0,0.0,0.01
20221208,0.0,0.0,0.0
20221209,0.0,0.0,0.0
20221210,0.0,0.0,0.0
20221211,0.0,0.0,0.0
20221212,0.0,0.0,0.0
20221213,0.0,0.0,0.0
20221214,0.0,0.0,0.0
20221215,0.0,0.0,0.0
20221216,0.0,0.0,0.0
20221217,0.0,0.0,0.0
20221218,0.0,0.0,0.0
20221219,0.0,0.0,0.0
20221220,0.0,0.0,0.0
20221221,0.0,0.0,0.0
20221222,0.0,0.0,0.0
20221223,0.0,0.0,0.0
20221224,0.0,0.0,0.0
20221225,0.0,0.0,0.0
20221226,0.0,0.0,0.0
20221227,0.0,0.0,0.0
20221228,0.0,0.0,0.0
20221229,0.0,0.0,0.0
20221230,0.0,0.0,0.0
20221231,0.0,0.0,0.0
20230101,0.0,0.0,0.0
20230102,0.0,0.0,0.0
20230103,0.0,0.0,0.0
20230104,0.0,0.0,0.0
20230105,0.0,0.0,0.0
20230106,0.0,0.0,0.03
20230107,0.0,0.0,0.0
20230108,0.0,0.0,0.0
20230109,0.0,0.0,0.0
20230110,0.15,0.15,0.15
20230111,4.76,4.76,3.67
20230112,2.29,2.29,1.41
20230113,0.74,0.74,0.22
20230114,0.0,0.0,0.0
20230115,0.0,0.0,0.0
20230116,0.0,0.0,0.0
20230117,0.0,0.0,0.0
20230118,0.0,0.0,0.0
20230119,0.0,0.0,0.0
20230120,0.0,0.0,0.0
20230121,0.0,0.0,0.0
20230122,0.0,0.0,0.0
20230123,0.0,0.0,0.0
20230124,0.0,0.0,0.0
20230125,0.0,0.0,0.0
20230126,0.0,0.0,0.0
20230127,0.0,0.0,0.0
20230128,0.0,0.0,0.0
20230129,0.0,0.0,0.0
20230130,0.0,0.0,0.0
20230131,0.0,0.0,0.0
20230201,0.0,0.0,0.0
20230202,0.01,0.01,0.0
20230203,0.56,0.56,1.46
20230204,1.22,1.22,0.46
20230205,0.23,0.23,0.07
20230206,0.07,0.07,0.07
20230207,0.07,0.07,0.06
20230208,0.02,0.02,0.0
20230209,0.0,0.0,0.0
20230210,0.0,0.0,0.0
20230211,0.0,0.0,0.0
20230212,0.0,0.0,0.0
20230213,0.0,0.0,0.0
20230214,2.01,2.01,1.12
20230215,7.04,7.04,13.87
20230216,0.69,0.69,0.91
20230217,0.01,0.01,0.0
20230218,0.01,0.01,0.0
20230219,0.0,0.0,0.0
20230220,0.0,0.0,0.0
20230221,0.0,0.0,0.0
20230222,0.0,0.0,0.0
20230223,0.0,0.0,0.0
20230224,0.0,0.0,0.0
20230225,0.0,0.0,0.0
20230226,0.0,0.0,0.0
20230227,0.0,0.0,0.0
20230228,0.0,0.0,0.0
20230301,0.0,0.0,0.0
20230302,0.0,0.0,0.0
20230303,0.0,0.0,0.0
20230304,0.0,0.0,0.0
20230305,0.0,0.0,0.0
20230306,0.0,0.0,0.0
20230307,0.0,0.0,0.0
20230308,0.0,0.0,0.0
20230309,0.0,0.0,0.0
20230310,0.0,0.0,0.0
20230311,0.0,0.0,0.0
20230312,0.85,0.85,2.95
20230313,0.29,0.29,1.72
20230314,0.0,0.0,0.0
20230315,0.0,0.0,0.0
20230316,0.0,0.0,0.0
20230317,0.0,0.0,0.0
20230318,0.0,0.0,0.0
20230319,0.0,0.0,0.0
20230320,0.0,0.0,0.03
20230321,0.0,0.0,0.03
20230322,0.0,0.0,0.0
20230323,0.01,0.01,0.0
20230324,0.18,0.18,0.38
20230325,0.04,0.04,0.1
20230326,0.0,0.0,0.0
20230327,0.0,0.0,0.0
20230328,0.47,0.47,0.8
20230329,0.35,0.35,0.64
20230330,0.14,0.14,0.03
20230331,0.0,0.0,0.0
20230401,0.02,0.02,0.0
20230402,0.26,0.26,0.34
20230403,0.27,0.27,0.35
20230404,0.0,0.0,0.0
20230405,0.0,0.0,0.02
20230406,0.02,0.02,0.05
20230407,2.14,2.14,2.74
20230408,3.33,3.33,1.48
20230409,2.02,2.02,0.37
20230410,0.0,0.0,0.01
20230411,0.0,0.0,0.0
20230412,0.0,0.0,0.0
20230413,0.0,0.0,0.0
20230414,0.0,0.0,0.0
20230415,0.02,0.02,0.04
20230416,0.01,0.01,0.03
20230417,0.0,0.0,0.0
20230418,0.0,0.0,0.0
20230419,0.0,0.0,0.0
20230420,0.06,0.06,0.14
20230421,0.04,0.04,0.1
20230422,0.0,0.0,0.0
20230423,1.87,1.87,1.94
20230424,4.78,4.78,4.84
20230425,1.05,1.05,2.57
20230426,4.83,4.83,7.1
20230427,8.21,8.21,3.71
20230428,12.86,12.86,6.43
20230429,2.67,2.67,1.67
20230430,4.87,4.87,12.73
20230501,3.27,3.27,8.79
20230502,2.97,2.97,5.43
20230503,0.16,0.16,0.5
20230504,0.0,0.0,0.0
20230505,0.0,0.0,0.0
20230506,0.02,0.02,0.0
20230507,0.0,0.0,0.0
20230508,0.99,0.99,1.31
20230509,6.22,6.22,6.61
20230510,8.44,8.44,12.95
20230511,7.73,7.73,6.1
20230512,13.92,13.92,13.7
20230513,7.5,7.5,8.75
20230514,3.31,3.31,2.85
20230515,0.78,0.78,0.62
20230516,0.3,0.3,0.52
20230517,0.01,0.01,0.2
20230518,0.0,0.0,0.0
20230519,0.0,0.0,0.0
20230520,0.0,0.0,0.0
20230521,0.01,0.01,0.01
20230522,0.49,0.49,0.19
20230523,1.91,1.91,0.9
20230524,1.5,1.5,1.34
20230525,2.2,2.2,1.81
20230526,0.9,0.9,0.82
20230527,8.61,8.61,9.28
20230528,16.1,16.1,13.17
20230529,9.25,9.25,11.24
20230530,2.12,2.12,4.52
20230531,10.44,10.44,11.61
20230601,0.89,0.89,1.61
20230602,4.95,4.95,4.04
20230603,3.27,3.27,2.8
20230604,1.92,1.92,1.24
20230605,5.57,5.57,3.73
20230606,12.8,12.8,11.54
20230607,18.64,18.64,15.89
20230608,4.63,4.63,2.8
20230609,8.45,8.45,7.68
20230610,2.57,2.57,2.03
20230611,7.14,7.14,7.51
20230612,0.72,0.72,0.57
20230613,10.21,10.21,7.36
20230614,9.14,9.14,8.7
20230615,0.45,0.45,0.53
20230616,5.46,5.46,2.67
20230617,11.13,11.13,7.23
20230618,38.77,38.77,41.2
20230619,11.2,11.2,13.3
20230620,6.32,6.32,9.22
20230621,5.35,5.35,11.89
20230622,0.13,0.13,0.76
20230623,3.18,3.18,6.22
20230624,11.03,11.03,10.48
20230625,0.91,0.91,0.51
20230626,9.89,9.89,3.7
20230627,0.72,0.72,0.35
20230628,4.13,4.13,8.68
20230629,0.72,0.72,0.68
20230630,6.0,6.0,2.86
20230701,6.26,6.26,4.72
20230702,7.78,7.78,9.77
20230703,0.84,0.84,2.88
20230704,11.37,11.37,6.32
20230705,7.61,7.61,7.08
20230706,1.54,1.54,0.94
20230707,1.09,1.09,0.79
20230708,6.3,6.3,10.2
20230709,24.12,24.12,28.05
20230710,3.41,3.41,5.27
20230711,1.84,1.84,1.71
20230712,2.01,2.01,1.14
20230713,2.02,2.02,0.79
20230714,0.95,0.95,0.44
20230715,4.5,4.5,3.38
20230716,2.95,2.95,1.6
20230717,5.42,5.42,3.92
20230718,0.7,0.7,0.63
20230719,2.7,2.7,1.86
20230720,4.75,4.75,9.41
20230721,7.93,7.93,11.19
20230722,13.43,13.43,16.12
20230723,9.6,9.6,11.32
20230724,33.2,33.2,42.9
20230725,19.63,19.63,11.51
20230726,3.19,3.19,2.84
20230727,0.8,0.8,0.41
20230728,0.02,0.02,0.02
20230729,6.99,6.99,4.38
20230730,26.48,26.48,24.42
20230731,8.07,8.07,7.9
20230801,12.8,12.8,7.36
20230802,8.68,8.68,7.86
20230803,27.66,27.66,35.58
20230804,15.3,15.3,18.12
20230805,1.13,1.13,1.36
20230806,7.82,7.82,9.09
20230807,2.68,2.68,2.38
20230808,3.43,3.43,2.76
20230809,3.64,3.64,4.3
20230810,1.95,1.95,0.88
20230811,7.99,7.99,7.9
20230812,9.58,9.58,9.3
20230813,2.69,2.69,2.52
20230814,0.76,0.76,0.87
20230815,2.49,2.49,1.08
20230816,0.49,0.49,1.28
20230817,1.64,1.64,3.3
20230818,0.16,0.16,0.31
20230819,1.63,1.63,0.86
20230820,12.89,12.89,14.04
20230821,16.23,16.23,11.27
20230822,8.58,8.58,11.83
20230823,8.05,8.05,8.36
20230824,12.4,12.4,11.53
20230825,7.06,7.06,9.26
20230826,0.25,0.25,0.83
20230827,0.02,0.02,0.08
20230828,0.01,0.01,0.05
20230829,2.69,2.69,1.8
20230830,10.85,10.85,6.81
20230831,37.4,37.4,31.64
20230901,9.83,9.83,12.48
20230902,26.51,26.51,20.94
20230903,17.49,17.49,13.83
20230904,20.29,20.29,11.01
20230905,26.86,26.86,15.57
20230906,5.68,5.68,5.68
20230907,6.08,6.08,4.98
20230908,6.12,6.12,7.18
20230909,7.03,7.03,9.32
20230910,20.29,20.29,22.44
20230911,6.68,6.68,7.01
20230912,8.75,8.75,7.96
20230913,17.68,17.68,25.86
20230914,13.86,13.86,12.56
20230915,15.3,15.3,17.46
20230916,16.86,16.86,9.39
20230917,16.19,16.19,20.66
20230918,11.9,11.9,7.68
20230919,2.17,2.17,2.74
20230920,3.77,3.77,8.48
20230921,16.63,16.63,19.79
20230922,9.85,9.85,18.47
20230923,1.95,1.95,3.57
20230924,0.9,0.9,1.16
20230925,7.66,7.66,7.32
20230926,26.61,26.61,32.48
20230927,37.95,37.95,39.38
20230928,20.76,20.76,31.33
20230929,7.27,7.27,7.49
20230930,4.2,4.2,5.01
20231001,2.43,2.43,3.98
20231002,2.15,2.15,4.41
20231003,11.16,11.16,16.73
20231004,7.7,7.7,14.95
20231005,8.77,8.77,5.57
20231006,16.31,16.31,12.71
20231007,5.23,5.23,5.31
20231008,8.94,8.94,9.2
20231009,12.37,12.37,18.63
20231010,40.88,40.88,30.78
20231011,5.24,5.24,6.25
20231012,0.52,0.52,1.44
20231013,0.29,0.29,0.89
20231014,0.35,0.35,0.28
20231015,0.66,0.66,1.35
20231016,0.11,0.11,0.4
20231017,0.23,0.23,0.09
20231018,2.92,2.92,2.81
20231019,0.86,0.86,3.59
20231020,1.99,1.99,4.99
20231021,16.81,16.81,17.99
20231022,2.06,2.06,2.28
20231023,0.11,0.11,0.17
20231024,0.78,0.78,1.15
20231025,1.2,1.2,2.52
20231026,4.6,4.6,1.84
20231027,9.22,9.22,7.09
20231028,11.22,11.22,10.67
20231029,12.12,12.12,6.64
20231030,24.3,24.3,13.14
20231031,2.91,2.91,1.28
20231101,0.0,0.0,0.02
20231102,0.01,0.01,0.17
20231103,0.0,0.0,0.1
20231104,1.68,1.68,2.88
20231105,3.37,3.37,4.71
20231106,5.54,5.54,5.52
20231107,2.95,2.95,4.7
20231108,1.21,1.21,1.5
20231109,8.79,8.79,7.09
20231110,2.47,2.47,1.98
20231111,5.15,5.15,2.72
20231112,4.25,4.25,5.17
20231113,0.65,0.65,1.4
20231114,0.13,0.13,0.24
20231115,0.0,0.0,0.04
20231116,0.35,0.35,0.69
20231117,0.21,0.21,0.5
20231118,0.0,0.0,0.0
20231119,0.0,0.0,0.0
20231120,0.0,0.0,0.0
20231121,0.0,0.0,0.0
20231122,0.0,0.0,0.0
20231123,0.0,0.0,0.0
20231124,0.0,0.0,0.0
20231125,0.0,0.0,0.0
20231126,0.37,0.37,0.87
20231127,0.02,0.02,0.05
20231128,0.0,0.0,0.0
20231129,0.0,0.0,0.0
20231130,0.0,0.0,0.0
20231201,1.49,1.49,2.02
20231202,0.38,0.38,0.58
20231203,1.49,1.49,2.29
20231204,0.56,0.56,1.17
20231205,0.27,0.27,0.33
20231206,1.22,1.22,2.15
20231207,0.43,0.43,0.19
20231208,0.0,0.0,0.0
20231209,0.0,0.0,0.0
20231210,0.0,0.0,0.0
20231211,0.03,0.03,0.04
20231212,0.0,0.0,0.0
20231213,0.0,0.0,0.0
20231214,0.0,0.0,0.0
20231215,0.0,0.0,0.0
20231216,0.01,0.01,0.0
20231217,0.08,0.08,0.17
20231218,0.0,0.0,0.0
20231219,0.0,0.0,0.0
20231220,0.0,0.0,0.0
20231221,0.0,0.0,0.0
20231222,0.0,0.0,0.0
20231223,0.0,0.0,0.0
20231224,0.0,0.0,0.0
20231225,0.0,0.0,0.0
20231226,0.0,0.0,0.0
20231227,0.0,0.0,0.0
20231228,0.0,0.0,0.0
20231229,0.0,0.0,0.0
20231230,0.0,0.0,0.0
20231231,0.0,0.0,0.0
20240101,0.0,0.0,0.0
20240102,0.0,0.0,0.0
20240103,0.0,0.0,0.0
20240104,0.0,0.0,0.0
20240105,0.0,0.0,0.0
20240106,0.0,0.0,0.0
20240107,0.0,0.0,0.0
20240108,0.0,0.0,0.0
20240109,0.0,0.0,0.0
20240110,0.0,0.0,0.0
20240111,0.0,0.0,0.0
20240112,0.0,0.0,0.0
20240113,0.03,0.03,0.0
20240114,0.0,0.0,0.0
20240115,0.0,0.0,0.0
20240116,0.0,0.0,0.0
20240117,0.0,0.0,0.0
20240118,0.0,0.0,0.0
20240119,0.0,0.0,0.0
20240120,0.0,0.0,0.0
20240121,0.0,0.0,0.0
20240122,0.0,0.0,0.0
20240123,0.04,0.04,0.02
20240124,0.04,0.04,0.05
20240125,0.04,0.04,0.05
20240126,0.04,0.04,0.03
20240127,0.0,0.0,0.0
20240128,0.0,0.0,0.0
20240129,0.0,0.0,0.0
20240130,0.0,0.0,0.03
20240131,0.0,0.0,0.2
20240201,0.03,0.03,0.06
20240202,0.01,0.01,0.01
20240203,0.0,0.0,0.0
20240204,0.0,0.0,0.0
20240205,0.29,0.29,0.17
20240206,0.09,0.09,0.38
20240207,0.01,0.01,0.06
20240208,0.0,0.0,0.0
20240209,0.0,0.0,0.0
20240210,0.01,0.01,0.29
20240211,0.0,0.0,0.0
20240212,0.0,0.0,0.0
20240213,0.0,0.0,0.0
20240214,0.0,0.0,0.0
20240215,0.0,0.0,0.0
20240216,0.0,0.0,0.02
20240217,0.27,0.27,1.01
20240218,0.19,0.19,0.31
20240219,0.0,0.0,0.0
20240220,0.0,0.0,0.0
20240221,0.0,0.0,0.0
20240222,0.0,0.0,0.01
20240223,0.02,0.02,0.01
20240224,0.01,0.01,0.0
20240225,0.0,0.0,0.0
20240226,0.0,0.0,0.0
20240227,0.01,0.01,0.0
20240228,0.04,0.04,0.36
20240229,0.03,0.03,0.19
20240301,0.07,0.07,0.16
20240302,0.17,0.17,0.83
20240303,0.11,0.11,0.37
20240304,0.01,0.01,0.1
20240305,0.0,0.0,0.0
20240306,0.0,0.0,0.0
20240307,0.0,0.0,0.0
20240308,0.0,0.0,0.0
20240309,0.05,0.05,0.08
20240310,0.1,0.1,0.08
20240311,0.31,0.31,0.13
20240312,8.4,8.4,9.53
20240313,1.13,1.13,1.18
20240314,0.03,0.03,0.07
20240315,0.05,0.05,0.63
20240316,0.33,0.33,0.77
20240317,0.05,0.05,0.04
20240318,0.0,0.0,0.0
20240319,11.16,11.16,10.77
20240320,10.97,10.97,14.74
20240321,0.1,0.1,0.08
20240322,0.0,0.0,0.03
20240323,0.81,0.81,0.36
20240324,1.9,1.9,0.83
20240325,0.19,0.19,0.22
20240326,9.5,9.5,7.07
20240327,5.63,5.63,4.59
20240328,4.25,4.25,1.83
20240329,3.41,3.41,1.76
20240330,0.27,0.27,0.12
20240331,0.0,0.0,0.0
20240401,0.0,0.0,0.0
20240402,0.0,0.0,0.0
20240403,0.0,0.0,0.0
20240404,0.0,0.0,0.0
20240405,0.0,0.0,0.0
20240406,0.0,0.0,0.0
20240407,0.0,0.0,0.0
20240408,3.99,3.99,1.76
20240409,0.91,0.91,1.11
20240410,6.45,6.45,2.6
20240411,1.23,1.23,0.48
20240412,0.05,0.05,0.02
20240413,0.18,0.18,0.61
20240414,0.54,0.54,1.76
20240415,0.01,0.01,0.05
20240416,0.0,0.0,0.01
20240417,0.23,0.23,0.11
20240418,0.57,0.57,0.1
20240419,0.8,0.8,0.17
20240420,0.27,0.27,0.14
20240421,0.01,0.01,0.01
20240422,0.0,0.0,0.0
20240423,0.0,0.0,0.0
20240424,0.02,0.02,0.0
20240425,0.0,0.0,0.0
20240426,0.0,0.0,0.0
20240427,0.04,0.04,0.02
20240428,0.0,0.0,0.0
20240429,0.0,0.0,0.0
20240430,0.0,0.0,0.0
20240501,0.0,0.0,0.0
20240502,0.0,0.0,0.0
20240503,0.01,0.01,0.0
20240504,2.56,2.56,0.32
20240505,1.32,1.32,0.19
20240506,5.13,5.13,5.15
20240507,19.18,19.18,33.26
20240508,1.37,1.37,2.89
20240509,3.15,3.15,5.36
20240510,8.61,8.61,6.96
20240511,10.04,10.04,9.85
20240512,0.25,0.25,0.73
20240513,19.8,19.8,21.33
20240514,8.24,8.24,4.7
20240515,1.98,1.98,5.41
20240516,1.93,1.93,3.35
20240517,3.54,3.54,4.71
20240518,0.61,0.61,0.59
20240519,17.58,17.58,13.29
20240520,18.07,18.07,11.63
20240521,24.06,24.06,23.58
20240522,15.13,15.13,12.09
20240523,14.35,14.35,16.22
20240524,2.5,2.5,5.03
20240525,1.04,1.04,1.35
20240526,2.08,2.08,1.09
20240527,0.6,0.6,0.47
20240528,0.58,0.58,0.7
20240529,4.6,4.6,3.75
20240530,20.8,20.8,31.8
20240531,8.91,8.91,14.76
20240601,9.96,9.96,12.54
20240602,0.46,0.46,1.06
20240603,16.65,16.65,10.27
20240604,11.47,11.47,14.87
20240605,0.69,0.69,1.14
20240606,0.59,0.59,0.64
20240607,9.78,9.78,6.23
20240608,3.08,3.08,3.27
20240609,0.84,0.84,1.59
20240610,2.78,2.78,5.13
20240611,2.15,2.15,2.47
20240612,0.41,0.41,0.9
20240613,0.06,0.06,0.1
20240614,1.84,1.84,0.58
20240615,0.16,0.16,0.17
20240616,0.58,0.58,0.95
20240617,1.25,1.25,1.35
20240618,0.57,0.57,0.3
20240619,2.52,2.52,2.4
20240620,1.52,1.52,1.94
20240621,1.87,1.87,2.45
20240622,8.03,8.03,5.46
20240623,17.66,17.66,11.11
20240624,8.65,8.65,5.96
20240625,20.24,20.24,16.82
20240626,11.71,11.71,10.9
20240627,5.33,5.33,4.52
20240628,5.43,5.43,4.36
20240629,13.48,13.48,10.17
20240630,14.38,14.38,11.95
20240701,22.5,22.5,6.14
20240702,2.09,2.09,1.75
20240703,4.61,4.61,6.91
20240704,13.2,13.2,13.36
20240705,19.0,19.0,18.76
20240706,5.0,5.0,5.22
20240707,4.35,4.35,3.23
20240708,16.58,16.58,7.61
20240709,6.01,6.01,3.4
20240710,6.57,6.57,7.82
20240711,10.19,10.19,8.01
20240712,10.77,10.77,16.56
20240713,3.3,3.3,5.3
20240714,5.52,5.52,4.27
20240715,11.62,11.62,10.86
20240716,11.93,11.93,9.92
20240717,12.08,12.08,10.08
20240718,10.88,10.88,10.52
20240719,11.89,11.89,12.06
20240720,8.09,8.09,9.88
20240721,9.88,9.88,15.17
20240722,2.43,2.43,3.03
20240723,10.71,10.71,12.03
20240724,5.37,5.37,3.55
20240725,1.31,1.31,2.04
20240726,1.65,1.65,3.0
20240727,18.42,18.42,27.47
20240728,23.07,23.07,26.22
20240729,19.34,19.34,18.89
20240730,5.02,5.02,5.6
20240731,2.01,2.01,1.32
20240801,7.48,7.48,7.62
20240802,8.49,8.49,7.61
20240803,39.72,39.72,29.78
20240804,21.56,21.56,32.89
20240805,5.33,5.33,7.81
20240806,5.61,5.61,7.79
20240807,3.64,3.64,7.61
20240808,4.07,4.07,4.46
20240809,0.27,0.27,0.16
20240810,0.62,0.62,1.37
20240811,3.1,3.1,4.45
20240812,11.17,11.17,12.03
20240813,2.14,2.14,4.03
20240814,4.88,4.88,6.45
20240815,7.69,7.69,8.5
20240816,5.19,5.19,6.67
20240817,1.05,1.05,1.56
20240818,4.53,4.53,8.69
20240819,4.27,4.27,3.84
20240820,15.17,15.17,14.35
20240821,6.07,6.07,5.93
20240822,1.46,1.46,2.51
20240823,3.97,3.97,6.34
20240824,3.41,3.41,5.55
20240825,3.73,3.73,4.71
20240826,17.94,17.94,19.3
20240827,6.51,6.51,7.03
20240828,13.23,13.23,13.39
20240829,14.18,14.18,11.97
20240830,5.11,5.11,8.01
20240831,1.7,1.7,0.64
20240901,39.05,39.05,23.0
20240902,15.22,15.22,20.63
20240903,18.86,18.86,20.21
20240904,13.94,13.94,12.47
20240905,21.98,21.98,7.78
20240906,0.48,0.48,0.22
20240907,0.77,0.77,0.87
20240908,2.78,2.78,4.98
20240909,1.02,1.02,1.04
20240910,9.98,9.98,9.58
20240911,7.98,7.98,7.25
20240912,2.98,2.98,3.75
20240913,21.2,21.2,26.63
20240914,11.67,11.67,15.65
20240915,23.97,23.97,27.66
20240916,5.95,5.95,3.78
20240917,9.54,9.54,12.35
20240918,23.6,23.6,28.38
20240919,4.72,4.72,2.67
20240920,16.36,16.36,29.04
20240921,16.2,16.2,20.21
20240922,25.89,25.89,18.6
20240923,11.73,11.73,9.89
20240924,35.66,35.66,20.49
20240925,3.43,3.43,3.72
20240926,15.93,15.93,11.81
20240927,6.31,6.31,4.83
20240928,1.91,1.91,2.86
20240929,0.17,0.17,0.57
20240930,14.77,14.77,13.0
20241001,7.25,7.25,11.23
20241002,7.47,7.47,12.49
20241003,27.98,27.98,17.62
20241004,5.71,5.71,7.16
20241005,0.77,0.77,0.31
20241006,0.2,0.2,0.71
20241007,0.22,0.22,0.68
20241008,3.21,3.21,4.77
20241009,6.4,6.4,11.31
20241010,2.84,2.84,2.46
20241011,0.32,0.32,0.86
20241012,1.57,1.57,0.95
20241013,6.46,6.46,10.3
20241014,2.97,2.97,1.17
20241015,0.52,0.52,0.87
20241016,1.3,1.3,2.72
20241017,0.75,0.75,1.54
20241018,18.92,18.92,25.82
20241019,10.31,10.31,8.65
20241020,16.3,16.3,15.5
20241021,5.97,5.97,5.35
20241022,15.74,15.74,24.35
20241023,5.04,5.04,7.16
20241024,1.72,1.72,3.87
20241025,0.04,0.04,0.26
20241026,0.05,0.05,0.02
20241027,15.35,15.35,9.79
20241028,4.22,4.22,6.38
20241029,2.28,2.28,3.83
20241030,0.62,0.62,1.2
20241031,0.45,0.45,0.69
20241101,0.35,0.35,1.29
20241102,0.15,0.15,0.51
20241103,0.0,0.0,0.0
20241104,0.88,0.88,2.07
20241105,0.4,0.4,0.68
20241106,0.46,0.46,1.36
20241107,0.09,0.09,0.17
20241108,0.0,0.0,0.01
20241109,0.0,0.0,0.0
20241110,0.0,0.0,0.0
20241111,0.0,0.0,0.0
20241112,0.0,0.0,0.0
20241113,0.0,0.0,0.0
20241114,0.1,0.1,0.77
20241115,1.16,1.16,3.14
20241116,1.69,1.69,0.95
20241117,12.09,12.09,12.82
20241118,0.02,0.02,0.04
20241119,0.14,0.14,0.22
20241120,0.06,0.06,0.11
20241121,0.0,0.0,0.0
20241122,0.0,0.0,0.03
20241123,0.0,0.0,0.0
20241124,0.0,0.0,0.0
20241125,0.0,0.0,0.0
20241126,0.05,0.05,0.14
20241127,0.01,0.01,0.0
20241128,0.0,0.0,0.0
20241129,0.0,0.0,0.0
20241130,0.0,0.0,0.0
20241201,0.0,0.0,0.0
20241202,0.0,0.0,0.0
20241203,0.0,0.0,0.0
20241204,0.0,0.0,0.0
20241205,0.0,0.0,0.0
20241206,0.0,0.0,0.0
20241207,0.0,0.0,0.0
20241208,0.0,0.0,0.01
20241209,0.0,0.0,0.0
20241210,0.0,0.0,0.0
20241211,0.0,0.0,0.0
20241212,0.05,0.05,0.11
20241213,0.27,0.27,0.39
20241214,0.04,0.04,0.18
20241215,0.0,0.0,0.0
20241216,0.0,0.0,0.0
20241217,0.0,0.0,0.0
20241218,0.0,0.0,0.0
20241219,0.0,0.0,0.0
20241220,0.0,0.0,0.0
20241221,0.0,0.0,0.0
20241222,0.0,0.0,0.0
20241223,0.0,0.0,0.0
20241224,0.0,0.0,0.0
20241225,0.0,0.0,0.0
20241226,0.0,0.0,0.0
20241227,0.0,0.0,0.0
20241228,0.0,0.0,0.0
20241229,0.0,0.0,0.0
20241230,0.0,0.0,0.0
20241231,0.0,0.0,0.0
20250101,0.0,0.0,0.0
20250102,0.0,0.0,0.0
20250103,0.0,0.0,0.0
20250104,0.0,0.0,0.0
20250105,0.0,0.0,0.0
20250106,0.0,0.0,0.0
20250107,0.43,0.43,0.2
20250108,2.54,2.54,3.97
20250109,0.0,0.0,0.0
20250110,0.0,0.0,0.0
20250111,0.0,0.0,0.0
20250112,0.0,0.0,0.0
20250113,0.0,0.0,0.0
20250114,0.0,0.0,0.0
20250115,0.0,0.0,0.0
20250116,0.0,0.0,0.0
20250117,0.02,0.02,0.04
20250118,0.0,0.0,0.0
20250119,0.0,0.0,0.0
20250120,0.0,0.0,0.0
20250121,0.0,0.0,0.0
20250122,0.0,0.0,0.0
20250123,0.0,0.0,0.0
20250124,0.0,0.0,0.0
20250125,0.0,0.0,0.0
20250126,0.0,0.0,0.0
20250127,0.0,0.0,0.0
20250128,0.0,0.0,0.0
20250129,0.0,0.0,0.0
20250130,0.0,0.0,0.0
20250131,0.0,0.0,0.0
20250201,0.0,0.0,0.0
20250202,0.0,0.0,0.0
20250203,0.0,0.0,0.0
20250204,0.01,0.01,0.11
20250205,0.0,0.0,0.04
20250206,0.0,0.0,0.04
20250207,0.0,0.0,0.0
20250208,0.0,0.0,0.0
20250209,0.0,0.0,0.0
20250210,0.0,0.0,0.0
20250211,0.0,0.0,0.0
20250212,0.0,0.0,0.0
20250213,0.0,0.0,0.0
20250214,0.0,0.0,0.0
20250215,0.0,0.0,0.0
20250216,0.0,0.0,0.0
20250217,0.1,0.1,0.78
20250218,0.82,0.82,1.38
20250219,1.37,1.37,2.42
20250220,0.35,0.35,0.96
20250221,0.16,0.16,0.64
20250222,0.8,0.8,3.21
20250223,0.78,0.78,3.11
20250224,0.67,0.67,0.44
20250225,0.17,0.17,0.28
20250226,0.0,0.0,0.0
20250227,0.0,0.0,0.0
20250228,0.12,0.12,0.25
20250301,0.22,0.22,0.34
20250302,0.0,0.0,0.0
20250303,0.21,0.21,0.38
20250304,0.08,0.08,0.17
20250305,0.0,0.0,0.0
20250306,0.04,0.04,0.05
20250307,8.21,8.21,11.68
20250308,1.35,1.35,0.98
20250309,0.03,0.03,0.01
20250310,0.0,0.0,0.0
20250311,0.51,0.51,0.87
20250312,2.01,2.01,1.58
20250313,8.66,8.66,12.33
20250314,5.8,5.8,6.19
20250315,0.13,0.13,0.22
20250316,6.87,6.87,2.81
20250317,1.35,1.35,2.82
20250318,0.0,0.0,0.02
20250319,0.0,0.0,0.0
20250320,0.0,0.0,0.0
20250321,0.0,0.0,0.03
20250322,0.0,0.0,0.0
20250323,0.0,0.0,0.0
20250324,0.0,0.0,0.0
20250325,0.21,0.21,0.23
20250326,0.57,0.57,0.36
20250327,0.46,0.46,0.34
20250328,0.03,0.03,0.04
20250329,0.5,0.5,0.54
20250330,12.33,12.33,13.2
20250331,2.73,2.73,4.68
20250401,0.05,0.05,0.08
20250402,0.12,0.12,0.97
20250403,0.43,0.43,2.11
20250404,0.0,0.0,0.02
20250405,0.01,0.01,0.02
20250406,2.2,2.2,1.0
20250407,3.43,3.43,2.03
20250408,2.53,2.53,2.64
20250409,10.59,10.59,13.18
20250410,25.12,25.12,27.2
20250411,0.77,0.77,0.64
20250412,0.34,0.34,0.25
20250413,2.11,2.11,2.81
20250414,0.76,0.76,2.1
20250415,1.55,1.55,3.69
20250416,4.71,4.71,3.17
20250417,3.67,3.67,0.78
20250418,0.83,0.83,0.14
20250419,0.35,0.35,0.42
20250420,3.48,3.48,3.63
20250421,3.06,3.06,5.42
20250422,12.1,12.1,18.23
20250423,10.73,10.73,13.32
20250424,24.35,24.35,35.36
20250425,2.18,2.18,3.74
20250426,1.78,1.78,1.42
20250427,1.83,1.83,0.43
20250428,6.04,6.04,4.63
20250429,6.19,6.19,4.07
20250430,6.19,6.19,4.47
20250501,14.66,14.66,15.76
20250502,14.93,14.93,14.59
20250503,2.35,2.35,2.85
20250504,4.66,4.66,4.31
20250505,1.27,1.27,0.85
20250506,3.56,3.56,3.07
20250507,6.17,6.17,9.42
20250508,1.69,1.69,2.81
20250509,2.3,2.3,1.4
20250510,36.75,36.75,41.6
20250511,6.47,6.47,9.39
20250512,16.41,16.41,22.02
20250513,6.04,6.04,5.14
20250514,23.68,23.68,28.08
20250515,10.28,10.28,14.21
20250516,11.36,11.36,15.95
20250517,6.03,6.03,6.34
20250518,6.62,6.62,6.99
20250519,24.64,24.64,12.92
20250520,4.35,4.35,4.87
20250521,23.39,23.39,14.15
20250522,2.26,2.26,1.44
20250523,5.5,5.5,7.68
20250524,19.59,19.59,22.64
20250525,16.35,16.35,18.92
20250526,10.08,10.08,9.04
20250527,9.36,9.36,9.71
20250528,12.11,12.11,6.39
20250529,24.59,24.59,22.07
20250530,21.29,21.29,21.41
20250531,19.46,19.46,18.41
20250601,3.78,3.78,6.54
20250602,6.5,6.5,6.1
20250603,2.25,2.25,1.36
20250604,4.93,4.93,2.54
20250605,8.35,8.35,13.64
20250606,12.58,12.58,17.94
20250607,4.59,4.59,6.28
20250608,2.52,2.52,3.78
20250609,4.63,4.63,5.54
20250610,6.23,6.23,5.78
20250611,2.87,2.87,1.49
20250612,4.74,4.74,4.02
20250613,5.14,5.14,7.55
20250614,0.81,0.81,1.47
20250615,0.88,0.88,1.64
20250616,0.01,0.01,0.05
20250617,0.08,0.08,0.08
20250618,8.58,8.58,4.84
20250619,9.02,9.02,8.9
20250620,4.49,4.49,4.54
20250621,3.02,3.02,8.91
20250622,19.27,19.27,21.2
20250623,5.31,5.31,6.15
20250624,0.36,0.36,0.91
20250625,1.05,1.05,1.48
20250626,24.9,24.9,16.17
20250627,16.44,16.44,16.0
20250628,3.58,3.58,8.76
20250629,6.0,6.0,8.7
20250630,3.35,3.35,3.81
20250701,16.09,16.09,15.85
20250702,16.12,16.12,19.45
20250703,2.96,2.96,3.54
20250704,2.03,2.03,1.35
20250705,3.97,3.97,3.36
20250706,1.43,1.43,0.69
20250707,3.43,3.43,4.78
20250708,6.41,6.41,6.03
20250709,4.11,4.11,2.42
20250710,2.58,2.58,2.4
20250711,4.99,4.99,3.87
20250712,1.1,1.1,2.04
20250713,2.98,2.98,5.08
20250714,2.6,2.6,4.61
20250715,11.21,11.21,12.09
20250716,10.47,10.47,13.78
20250717,8.86,8.86,12.99
20250718,4.7,4.7,6.2
20250719,8.4,8.4,14.05
20250720,6.2,6.2,5.29
20250721,0.86,0.86,0.47
20250722,0.94,0.94,1.27
20250723,7.47,7.47,11.49
20250724,7.1,7.1,4.55
20250725,8.23,8.23,4.18
20250726,16.51,16.51,13.29
20250727,13.01,13.01,15.61
20250728,6.37,6.37,8.23
20250729,9.43,9.43,8.73
20250730,1.63,1.63,0.94
20250731,1.53,1.53,1.61
20250801,0.37,0.37,0.12
20250802,0.1,0.1,0.09
20250803,0.91,0.91,1.47
20250804,0.13,0.13,0.39
20250805,2.65,2.65,4.35
20250806,1.14,1.14,0.88
20250807,8.62,8.62,6.76
20250808,3.14,3.14,3.08
20250809,1.46,1.46,1.26
20250810,5.77,5.77,3.11
20250811,3.02,3.02,2.42
20250812,2.89,2.89,4.62
20250813,1.06,1.06,1.55
20250814,18.88,18.88,21.09
20250815,20.57,20.57,21.96
20250816,44.42,44.42,38.05
20250817,6.7,6.7,5.12
20250818,4.3,4.3,6.94
20250819,1.58,1.58,1.51
20250820,0.4,0.4,0.37
20250821,12.6,12.6,7.11
20250822,16.18,16.18,20.27
20250823,13.41,13.41,15.8
20250824,4.82,4.82,5.91
20250825,0.69,0.69,0.51
20250826,6.14,6.14,7.08
20250827,8.01,8.01,5.2
20250828,10.81,10.81,6.34
20250829,19.57,19.57,17.56
20250830,3.0,3.0,3.15
20250831,6.64,6.64,9.57
20250901,8.84,8.84,10.76
20250902,22.93,22.93,22.26
20250903,19.69,19.69,25.15
20250904,18.89,18.89,17.35
20250905,14.21,14.21,24.45
20250906,21.39,21.39,26.92
20250907,26.98,26.98,31.1
20250908,31.04,31.04,34.24
20250909,26.06,26.06,27.36
20250910,6.67,6.67,3.52
20250911,3.15,3.15,1.88
20250912,8.94,8.94,6.64
20250913,17.05,17.05,10.23
20250914,7.06,7.06,12.46
20250915,30.89,30.89,16.9
20250916,1.91,1.91,3.31
20250917,4.32,4.32,4.62
20250918,25.24,25.24,24.13
20250919,11.95,11.95,14.02
20250920,0.42,0.42,0.31
20250921,7.01,7.01,5.94
20250922,12.0,12.0,13.96
20250923,23.14,23.14,27.3
20250924,8.17,8.17,10.61
20250925,9.17,9.17,6.74
20250926,27.25,27.25,28.76
20250927,21.71,21.71,18.15
20250928,14.28,14.28,13.0
20250929,6.42,6.42,5.85
20250930,5.22,5.22,5.8
20251001,2.55,2.55,3.19
20251002,1.02,1.02,1.7
20251003,10.5,10.5,9.56
20251004,3.96,3.96,9.1
20251005,2.79,2.79,3.45
20251006,0.93,0.93,1.56
20251007,0.5,0.5,1.12
20251008,8.83,8.83,6.57
20251009,21.12,21.12,10.04
20251010,17.46,17.46,21.36
20251011,4.29,4.29,3.19
20251012,2.88,2.88,5.24
20251013,4.73,4.73,3.38
20251014,12.36,12.36,12.65
20251015,6.38,6.38,6.96
20251016,4.16,4.16,5.63
20251017,1.02,1.02,1.23
20251018,0.78,0.78,1.32
20251019,1.0,1.0,1.11
20251020,2.49,2.49,4.28
20251021,0.55,0.55,0.62
20251022,0.0,0.0,0.0
20251023,0.0,0.0,0.0
20251024,0.0,0.0,0.0
20251025,0.01,0.01,0.0
20251026,0.13,0.13,0.08
20251027,0.05,0.05,0.04
20251028,0.09,0.09,0.06
20251029,1.41,1.41,1.42
20251030,7.54,7.54,4.14
20251031,5.8,5.8,3.58
20251101,12.26,12.26,11.4
20251102,11.77,11.77,10.47
20251103,12.93,12.93,16.0
20251104,1.82,1.82,6.72
20251105,0.11,0.11,0.04
20251106,1.79,1.79,1.24
20251107,10.07,10.07,5.62
20251108,3.35,3.35,2.24
20251109,2.96,2.96,3.1
20251110,2.37,2.37,1.4
20251111,1.26,1.26,0.96
20251112,1.54,1.54,3.19
20251113,9.65,9.65,10.01
20251114,0.12,0.12,0.22
20251115,0.0,0.0,0.0
20251116,0.36,0.36,0.36
20251117,1.71,1.71,2.13
20251118,0.46,0.46,0.48
20251119,0.13,0.13,0.16
20251120,0.0,0.0,0.0
20251121,0.0,0.0,0.0
20251122,0.0,0.0,0.0
20251123,0.01,0.01,0.0
20251124,0.0,0.0,0.0
20251125,0.0,0.0,0.0
20251126,0.0,0.0,0.0
20251127,0.0,0.0,0.0
20251128,0.0,0.0,0.0
20251129,0.0,0.0,0.0
20251130,0.0,0.0,0.0
20251201,0.0,0.0,0.0
20251202,0.0,0.0,0.0
20251203,0.0,0.0,0.0
20251204,0.89,0.89,1.2
20251205,0.86,0.86,1.2
20251206,0.02,0.02,0.01
20251207,0.0,0.0,0.0
20251208,0.0,0.0,0.0
20251209,0.0,0.0,0.0
20251210,0.58,0.58,0.7
20251211,1.19,1.19,1.0
20251212,1.1,1.1,1.42
20251213,0.59,0.59,0.82
20251214,0.04,0.04,0.01
20251215,0.0,0.0,0.0
20251216,0.0,0.0,0.0
20251217,0.0,0.0,0.0
20251218,0.0,0.0,0.0
20251219,0.0,0.0,0.0
20251220,0.0,0.0,0.0
20251221,0.0,0.0,0.0
20251222,0.0,0.0,0.0
20251223,0.0,0.0,0.0
20251224,0.0,0.0,0.0
20251225,0.0,0.0,0.0
20251226,0.0,0.0,0.0
20251227,0.0,0.0,0.0
20251228,0.0,0.0,0.0
20251229,0.0,0.0,0.0
20251230,0.0,0.0,0.0
20251231,0.0,0.0,0.0
20260101,0.0,0.0,0.0
20260102,0.0,0.0,0.0
20260103,0.0,0.0,0.0
20260104,0.0,0.0,0.0
20260105,0.0,0.0,0.0
20260106,0.0,0.0,0.0
20260107,0.0,0.0,0.0
20260108,0.0,0.0,0.0
20260109,0.0,0.0,0.0
20260110,0.0,0.0,0.0
20260111,0.0,0.0,0.0
20260112,0.0,0.0,0.0
20260113,0.0,0.0,0.0
20260114,0.0,0.0,0.0
20260115,0.0,0.0,0.0
20260116,0.0,0.0,0.0
20260117,0.03,0.03,0.1
20260118,0.01,0.01,0.05
20260119,0.0,0.0,0.02
20260120,0.05,0.05,0.35
20260121,0.2,0.2,0.2
20260122,0.01,0.01,0.01
20260123,0.0,0.0,0.0
20260124,0.0,0.0,0.0
20260125,0.0,0.0,0.0
20260126,0.0,0.0,0.0
20260127,0.0,0.0,0.0
20260128,0.0,0.0,0.0
20260129,0.0,0.0,0.0
20260130,0.0,0.0,0.0
20260131,0.0,0.0,0.0
20260201,0.0,0.0,0.0
20260202,0.0,0.0,0.0
20260203,0.0,0.0,0.0
20260204,0.0,0.0,0.0
20260205,0.0,0.0,0.0
20260206,0.0,0.0,0.0
20260207,0.0,0.0,0.0
20260208,0.74,0.74,1.51
20260209,0.07,0.07,0.14
20260210,0.0,0.0,0.0
20260211,0.0,0.0,0.0
20260212,0.0,0.0,0.06
20260213,0.01,0.01,0.06
20260214,0.0,0.0,0.0
20260215,0.0,0.0,0.0
20260216,0.0,0.0,0.05
20260217,0.58,0.58,0.68
20260218,0.5,0.5,0.88
20260219,0.0,0.0,0.0
20260220,0.0,0.0,0.0
20260221,0.0,0.0,0.0
20260222,0.0,0.0,0.0
20260223,0.66,0.66,0.24
20260224,3.45,3.45,2.76
20260225,0.91,0.91,0.92
20260226,1.43,1.43,1.03
20260227,3.41,3.41,3.95
20260228,0.18,0.18,0.32
20260301,0.01,0.01,0.02
20260302,0.0,0.0,0.0
20260303,0.0,0.0,0.0
20260304,0.02,0.02,0.02
20260305,4.8,4.8,2.67
20260306,0.57,0.57,0.31
20260307,0.03,0.03,0.2
20260308,0.0,0.0,0.0
20260309,0.0,0.0,0.0
20260310,0.09,0.09,0.01
20260311,0.54,0.54,1.89
20260312,0.67,0.67,1.97
20260313,1.1,1.1,0.87
20260314,0.01,0.01,0.0
20260315,0.05,0.05,0.07
20260316,0.09,0.09,0.53
20260317,3.2,3.2,5.25
20260318,3.52,3.52,2.84
20260319,2.05,2.05,0.82
20260320,1.58,1.58,1.53
20260321,1.06,1.06,1.15
20260322,1.47,1.47,2.4
20260323,0.89,0.89,3.29
20260324,0.0,0.0,0.0
20260325,0.0,0.0,0.0
20260326,0.0,0.0,0.0
20260327,0.0,0.0,0.0
20260328,0.0,0.0,0.0
20260329,0.0,0.0,0.0
20260330,0.0,0.0,0.0
20260331,0.0,0.0,0.0
20260401,0.0,0.0,0.0
20260402,0.0,0.0,0.0
20260403,0.0,0.0,0.0
20260404,0.0,0.0,0.0
20260405,0.0,0.0,0.0
20260406,0.0,0.0,0.0
20260407,0.0,0.0,0.0
20260408,0.0,0.0,0.0
20260409,0.0,0.0,0.0
20260410,0.0,0.0,0.0
20260411,0.0,0.0,0.0
20260412,0.0,0.0,0.0
20260413,0.0,0.0,0.0
20260414,0.0,0.0,0.0
20260415,0.0,0.0,0.0
20260416,0.0,0.0,0.01
20260417,10.94,10.94,9.32
20260418,2.64,2.64,0.88
20260419,2.57,2.57,1.03
20260420,2.29,2.29,1.35
20260421,0.02,0.02,0.05
20260422,0.0,0.0,0.09
20260423,0.02,0.02,0.3
20260424,0.05,0.05,0.11
20260425,2.18,2.18,2.35
20260426,5.75,5.75,7.62
20260427,0.99,0.99,1.0
20260428,0.13,0.13,0.03
20260429,0.23,0.23,0.4
20260430,13.2,13.2,6.16
20260501,10.09,10.09,8.03
20260502,2.28,2.28,2.17
20260503,0.32,0.32,0.19
20260504,14.01,14.01,20.38
20260505,3.72,3.72,7.4
20260506,0.2,0.2,0.29
20260507,3.52,3.52,4.79
20260508,5.34,5.34,5.64
20260509,2.66,2.66,1.74
20260510,2.02,2.02,4.58
20260511,3.48,3.48,2.43
20260512,6.04,6.04,4.22
20260513,1.81,1.81,3.0
20260514,6.84,6.84,8.95
20260515,30.07,30.07,16.01
20260516,11.58,11.58,6.9
20260517,1.23,1.23,1.33
20260518,6.87,6.87,5.32
20260519,6.19,6.19,2.95
20260520,1.24,1.24,1.8
20260521,3.28,3.28,2.39
20260522,4.62,4.62,6.55
20260523,0.84,0.84,0.97
20260524,0.76,0.76,1.07
20260525,5.59,5.59,3.84
20260526,1.45,1.45,1.47
20260527,0.5,0.5,0.81
20260528,1.41,1.41,1.41
20260529,6.28,6.28,3.04
20260530,10.73,10.73,6.43
20260531,9.47,9.47,9.61
20260601,13.51,13.51,20.27
20260602,2.46,2.46,3.48
20260603,0.47,0.47,0.83
20260604,4.91,4.91,3.15
20260605,2.58,2.58,1.7
20260606,0.85,0.85,1.96
20260607,0.47,0.47,1.46
20260608,5.96,5.96,8.92
20260609,22.35,22.35,34.69
20260610,23.58,23.58,14.32
20260611,26.49,26.49,23.88
20260612,13.38,13.38,12.1
20260613,1.28,1.28,2.89
20260614,15.78,15.78,21.44
20260615,3.65,3.65,4.62
20260616,3.33,3.33,5.58
20260617,1.49,1.49,1.46
20260618,1.57,1.57,3.11
20260619,3.32,3.32,4.39
20260620,1.77,1.77,2.33
20260621,1.52,1.52,1.03
20260622,0.66,0.66,1.93
20260623,0.01,0.01,0.14
20260624,5.7,5.7,7.8
20260625,16.94,16.94,17.95
20260626,1.84,1.84,2.17
20260627,2.31,2.31,2.95
20260628,1.61,1.61,1.83
20260629,8.91,8.91,7.61
20260630,8.84,8.84,4.96
20260701,6.68,6.68,12.41
20260702,19.91,19.91,27.31
20260703,16.83,16.83,34.22
20260704,8.39,8.39,10.21
20260705,11.09,11.09,14.0
20260706,31.23,31.23,23.49
20260707,8.63,8.63,8.93
20260708,5.33,5.33,5.95
20260709,0.36,0.36,0.77
20260710,0.79,0.79,0.44
20260711,8.78,8.78,6.93
20260712,3.08,3.08,3.43
20260713,11.24,11.24,7.79
20260714,20.11,20.11,13.89
20260715,5.53,5.53,5.49
20260716,20.81,20.81,31.63
20260717,5.06,5.06,4.13
20260718,1.44,1.44,1.53
20260719,0.01,0.01,0.07
20260720,0.0,0.0,0.08
20260721,0.69,0.69,0.81
20260722,13.66,13.66,11.05
20260723,22.42,22.42,15.21
20260724,3.4,3.4,4.04
20260725,11.37,11.37,10.93
20260726,11.89,11.89,7.66
20260727,17.2,17.2,12.1
20260728,13.01,13.01,15.86
20260729,12.82,12.82,19.61
20260730,19.07,19.07,33.09
20260731,5.56,5.56,4.56
20260801,1.58,1.58,1.21
20260802,1.47,1.47,1.22
20260803,4.9,4.9,2.55
20260804,5.54,5.54,5.19
20260805,4.89,4.89,7.45
20260806,12.1,12.1,11.42
20260807,12.74,12.74,9.13
20260808,4.51,4.51,4.37
20260809,2.33,2.33,3.16
20260810,18.52,18.52,19.85
20260811,2.73,2.73,4.95
20260812,2.66,2.66,4.61
20260813,0.5,0.5,1.03
20260814,10.55,10.55,12.67
20260815,8.96,8.96,14.0
20260816,0.91,0.91,1.53
20260817,15.22,15.22,23.45
20260818,8.35,8.35,11.93
20260819,21.77,21.77,19.35
20260820,9.41,9.41,5.53
20260821,2.69,2.69,2.89
20260822,7.03,7.03,13.44
20260823,5.97,5.97,8.81
20260824,0.42,0.42,0.73
20260825,0.0,0.0,0.0
20260826,3.45,3.45,1.93
20260827,2.17,2.17,1.78
20260828,18.42,18.42,11.85
20260829,25.68,25.68,24.48
20260830,15.16,15.16,15.15
20260831,13.82,13.82,12.64
20260901,8.4,8.4,3.94
20260902,4.27,4.27,3.92
20260903,3.68,3.68,4.68
20260904,9.28,9.28,7.71
20260905,7.35,7.35,5.14
20260906,7.3,7.3,7.75
20260907,15.98,15.98,35.27
20260908,18.54,18.54,24.88
20260909,13.28,13.28,15.26
20260910,23.58,23.58,17.58
20260911,24.42,24.42,20.9
20260912,9.99,9.99,9.51
20260913,5.07,5.07,6.78
20260914,1.31,1.31,1.31
20260915,9.71,9.71,7.19
20260916,16.81,16.81,11.92
20260917,17.12,17.12,6.78
20260918,12.03,12.03,7.84
20260919,11.0,11.0,13.24
20260920,44.51,44.51,30.68
20260921,68.52,68.52,52.73
20260922,8.7,8.7,12.37
20260923,11.77,11.77,9.11
20260924,35.33,35.33,33.51
20260925,54.05,54.05,66.35
20260926,64.36,64.36,129.21
20260927,33.58,33.58,21.31
20260928,18.18,18.18,9.17
20260929,4.59,4.59,5.36
20260930,7.75,7.75,6.93
20261001,5.02,5.02,5.16
20261002,6.74,6.74,6.43
20261003,-999.0,-999.0,-999.0
20261004,-999.0,-999.0,-999.0
