ไฟล์,หลักฐานที่เห็น,ตำแหน่งที่อนุมาน,ความมั่นใจ
1352016803780393.jpg,ปกอัลบั้ม (ทิวทัศน์เขื่อน ไม่มีจุดสังเกต),ข้าม,ไม่ใช้
1431953449120061.jpg,ประกาศเลขโทรศัพท์ช่วยเหลือ กช./ทางหลวง/ตำบลต่างๆ (infographic),อ้างอิงหน่วยงานทั้งจังหวัด,ไม่ใช่จุดเดียว
1431957155786357.jpg,ถนนพาณิชยกรรมกลางเมืองกลางคืน น้ำท่วมลึก รถติด (ตึกแถวสไตล์เมืองนครนายก),ย่านถนนพาณิชยกรรม ต.นครนายก,ปานกลาง
1432003645781708.jpg,ลานบ้านทางเท้าท่วม มีป้ายพับ ไม่มีป้ายชื่อ,ไม่ระบุได้,ไม่ใช้
1432003689115037.jpg,บ้านไม้ฝั่งน้ำ กลางคืน ไม่มีจุดสังเกต,ไม่ระบุได้,ไม่ใช้
1432006055781467.jpg,หน้าบ้านเสาธง น้ำท่วมลานจอด,ไม่ระบุได้,ไม่ใช้
1432006125781460.jpg,ในบ้าน น้ำซึมพื้นกระเบื้อง,ไม่ระบุได้,ไม่ใช้
1432010855780987.jpg,ประกาศ DDPM 27/09 00:50 แจ้งทางเข้านครนายกจาก อ.บ้านนา ถูกตัด — ทางเลี่ยง อ.โอยองนา ทางหลวง 3240 (บ้านหลุมพะยา/น้ำว้า/บางกะจะ),บริบทถนนเข้าเมืองจากทิศตะวันออก,ไม่ใช่จุดเดียว
1432012179114188.jpg,วัดสถาปัตยกรรมไทยโบราณน้ำท่วมโคนเสา (โครงหลังคา 2 ชั้น พระอุโบสถสีขาว/แดง — ลักษณะใกล้เคียงวัดท้ายเมือง/วัดขุนอินทประมูล),ต.นครนายก แนวแม่น้ำ อ.เมือง,ปานกลาง
1432012209114185.jpg,ประตู-ธรณีประตูวัดเดียวกัน น้ำท่วมลึก,ต.นครนายก แนวแม่น้ำ,ปานกลาง
1432013085780764.jpg,ประกาศ DDPM เดียวกัน (ถ่ายซ้ำ),บริบททางเข้าเมือง,ไม่ใช่จุดเดียว
1432030342445705.jpg,ถนนตัวเมืองกลางคืน ร้านสะดวกซื้อ น้ำท่วมเกินเอว,ย่านถนนตัวเมือง (ต.นครนายก),ต่ำ
1432032492445490.jpg,ประกาศ DDPM 27/09 00:08 หมู่บ้านถาวร ทางหลวง 3362 ถูกตัด (ต.ศรีอุดม หมู่ 1 คลอง 15/คลอง 16/บึงคำพร) + ทางหลวง 305 (ต.สีสุก),บริบททางเหนือเมือง,ไม่ใช่จุดเดียว
1432043722444367.jpg,ซอยหมู่บ้าน น้ำท่วมลึก (ไม่มีป้าย),ไม่ระบุได้,ไม่ใช้
1432045622444177.jpg,QR LINE ประชาสัมพันธ์,ไม่ระบุได้,ไม่ใช้
1432066545775418.jpg,โพสต์แจ้งถนนเฉลิมพระเกียรติ กม.3 (ใกล้สถานีขนส่ง หลังรั้วศาลจังหวัด) น้ำท่วมหนัก มีปั๊ม PTT สาขา,ถ.เฉลิมพระเกียรติ กม.3 ต.นครนายก/ต.ท่าช้าง,สูง (ข้อความระบุชัด)
1432074139107992.jpg,มุมมองจากสะพานข้ามแม่น้ำกลางคืน ขอบสะพานเหล็ก+ไฟถนนสองฝั่ง ไหลแรง,สะพานข้ามแม่น้ำนครนายก ต.นครนายก (น่าจะ สพ.หน้าจวนฯ),ปานกลาง
1432074202441319.jpg,มุมมองจากสะพานเห็นพระปรางค์วัดฝั่งตรงข้าม + เสาสูง,สะพานข้ามแม่น้ำนครนายก (ใกล้วัดฝั่งขวา),ปานกลาง
1432074269107979.jpg,ซุ้มประตูเมืองนครนายก (ช้างทอง) น้ำท่วมขั้วซุ้ม,ประตูเมืองนครนายก ถ.สุวินทวงศ์,สูง (สัญลักษณ์เฉพาะ)
1432074309107975.jpg,อาคารราชการสองชั้นริมน้ำ (กระจกทึบ) มองจากสะพาน,ริมแม่น้ำใต้สะพาน (ใกล้ศาลจังหวัด/หอประชุม),ต่ำ
1432084832440256.jpg,อาคารเปลี่ยวหลังคาแดง + สวนบอนไซ (กลางวัน ไม่มีป้าย),ไม่ระบุได้,ไม่ใช้
1432100345772038.jpg,ศาลาประชาคมไม้ใหญ่ (ศูนย์พักพิง) ประชาชนนอน,ไม่ระบุได้ (ศาลาประชาคมตำบล),ต่ำ
1432100399105366.jpg,ศาลาประชาคมเดียวกัน มุมกว้าง,ไม่ระบุได้,ต่ำ
1432100439105362.jpg,ศาลาประชาคม กลางคืน,ไม่ระบุได้,ต่ำ
1432109602437779.jpg,ถนนสี่เลนเส้นทางหลวงกลางคืน ป้ายเตือนรูปสัตว์ (แยกต่างระดับ?),แนว ทล.305/ทางเลี่ยงเมือง,ต่ำ
1432109659104440.jpg,ถนนหลวงกลางคืนกั้น traffic cone,แนวทางหลวงเข้าเมือง,ต่ำ
1432109755771097.jpg,ทางหลวงกลางคืน รถยนต์ส่องไฟ ทีมช่วยเหลือ,แนวทางหลวง,ต่ำ
1432109789104427.jpg,ทางหลวงกลางคืน รถปราบดิน+cone,แนวทางหลวง,ต่ำ
1432109839104422.jpg,ทางหลวงโค้งกลางคืน (ป้ายเตือนโค้ง),แนว ทล.3049/ทางเลี่ยง,ต่ำ
1432111442437595.jpg,คลองชลประทานล้นตลิ่ง 2.00 น. (คำบรรยายกำกับ),คลองสายใหญ่/คลองชลประทานฝั่งตะวันออก,ปานกลาง
1432115345770538.jpg,สะพานยาวโค้งมนกั้นคอนกรีต (ทางหลวง) น้ำใต้สูง,สะพานทางหลวงข้ามแม่น้ำ/คลองใหญ่,ต่ำ
1432116662437073.jpg,"ป้าย ""บ้านศรีดาสาย"" + แผนที่ Google Maps ในภาพ + พิกัด 14.16584,101.16784 (คำบรรยาย)",ต.โพธิ์แทน อ.องครักษ์ (บ้านศรีดาสาย),สูง (พิกัดในภาพ)
1432244122424327.jpg,ถนนพาณิชยกรรมช่วงร้านค้า (โรงแรม KNC) น้ำท่วมข้ามถนน,ถ.พาณิชยกรรม ต.นครนายก,ปานกลาง
1432245535757519.jpg,ประกาศศูนย์ช่วยเหลือ อบต.โพธิ์ไพรวัลย์ (ปั๊ม 200 ลิตร),อ.องครักษ์ ต.โพธิ์ไพรวัลย์,สูง (ข้อความระบุชัด)
1432246075757465.jpg,หมู่บ้านติดถนนลูกรัง รถกระบะจม,ชานเมืองฝั่งตะวันตก?,ต่ำ
1432251635756909.jpg,ผู้ป่วยติดเตียงถูกอพยพ (ไม่มีจุดสังเกต),ไม่ระบุได้,ไม่ใช้
1432252469090159.jpg,แผนที่ถนน 3049/3239 ปิดทาง (หน่วยที่ 4 ต.ศรีอุดม - บ้านถ้ำบัวลอย) จากหน่วยบริหารความเสี่ยง,ถนน 3049/3239 ช่วง ต.ศรีอุดม-ปากพลี,สูง (แผนที่ในภาพ)
1432259235756149.jpg,แยกไฟแดงร้านอาหาร รถต่อแถว (ป้าย SHARK ร้านตัดผม),ย่านเมือง (ไม่ชี้จุดชัด),ต่ำ
1432259755756097.jpg,มองจากสะพานเห็นแม่น้ำบวมแดง + ตลาดฝั่งตรงข้าม,สะพานข้ามแม่น้ำ ต.นครนายก,ปานกลาง
1432260172422722.jpg,ประตูเมืองนครนายก (ช้างทอง) มองจากบนรถ น้ำท่วมถนนเข้าเมือง,ประตูเมืองนครนายก ถ.สุวินทวงศ์,สูง (สัญลักษณ์เฉพาะ)
1432265125755560.jpg,QR ที' นครนายก (ปก),ไม่ระบุได้,ไม่ใช้
1432266682422071.jpg,"ป้าย ""ถนนท่านบุญ 3 ม."" + Makro ข้างทาง",ถ.ท่านบุญ ต.นครนายก (ใกล้ Makro),สูง (ป้ายชื่อถนน)
1432266725755400.jpg,ร้านหน้าถนนฝนตก ไม่มีป้ายชัด,ไม่ระบุได้,ไม่ใช้
1432266762422063.jpg,หน้าห้าง/ตลาดใหญ่ (ป้ายโฆษณาแดง),ย่านห้างทางเข้าเมือง,ต่ำ
1432278332420906.jpg,แยกไฟแดงมีป้ายเหลือง (โรงพยาบาลอ่างฤาไน ทิศ?),แยกในเมือง,ต่ำ
1432284852420254.jpg,ภาพมี GPS: 1 ตำบล อ.บ้านนา นครนายก 26110 (05:52 27 ก.ย.) ถนนในเมืองบ้านนาท่วม,อ.บ้านนา (ตัวเมือง),สูง (GPS ในภาพ)
1432290462419693.jpg,บ้านชนน้ำ (ไม่มีป้าย),ไม่ระบุได้,ไม่ใช้
1432295069085899.jpg,ถนนหมู่บ้านตลาดเช้า รถจยย.,ไม่ระบุได้,ไม่ใช้
1432295789085827.jpg,วัดหลังคาแดงใหญ่ น้ำท่วมเขตวัด,วัดตำบลบ้านนา/เมือง?,ต่ำ
1432300975751975.jpg,ประกาศ NAY HUA CAFE + CHANWANG แจกอาหาร (ช่วงเขาอ่อน/บ้านดงวังตะโก),ย่าน ถ.สุวินทวงศ์ กม.15-16?,ต่ำ
1432328852415854.jpg,Lotus's go นครนายก (ป้ายใหญ่) น้ำท่วมถนนหน้า,แยก Lotus's นครนายก (ถ.พาณิชยกรรม/สุวินทวงศ์),สูง (สัญลักษณ์ร้านสาขา)
1432329192415820.jpg,โรงพยาบาลนครนายก (ลานจอดรถเข็น) น้ำท่วมลาน,รพ.นครนายก ถ.พาณิชยกรรม,สูง (สถานที่เฉพาะ)
1432329245749148.jpg,โรงพยาบาลนครนายก ลานรถเข็นน้ำท่วม (มุมเดียวกัน),รพ.นครนายก ถ.พาณิชยกรรม,สูง (สถานที่เฉพาะ)
1432329355749137.jpg,สวนหน้าศาลากลาง/สถานที่ราชการกลางคืน (รั้วโค้งเขียว),ใจกลางเมือง,ต่ำ
1432330685749004.jpg,ถนนภูเขา (ต้นไม้ล้ม) ลำธาร — โซนปากพลี/คลอง 15,เขา/ตะวันออก (ปากพลี?),ต่ำ
1432330989082307.jpg,ภาพ Measure distance Google Maps 90 ม. (หมู่บ้านถาวร? ต.ศรีอุดม),พิกัดในภาพ (บ้านถาวร),สูง (แผนที่ในภาพ)
1432336865748386.jpg,อวาตารร้านอาหารบุคคล,ไม่ระบุได้,ไม่ใช้
1432340809081325.jpg,โพสต์ร้านอาหารเตือนไฟดับ (เทศบาลนครนายก),บริบทเทศบาลนครนายก,ไม่ใช่จุดเดียว
1432348502413889.jpg,เขื่อนขุนด่านปราการชลระบายสปิลเวย์ (ป้ายชื่อเขื่อนชัด),"เขื่อนขุนด่านฯ (101.3214, 14.3147)",สูง (สถานที่เฉพาะ — หลักฐานการระบายสปิลเวย์)
1432348552413884.jpg,ถนนสองช่องป้ายร้าน (BETO) ฝนตก,ไม่ระบุได้,ไม่ใช้
1432348599080546.jpg,"ป้ายหิน ""ตำบลอ่างฤาไน (เจริญ)"" น้ำท่วมโคนป้าย กลางคืน",ต.อ่างฤาไน อ.เมือง (ฝั่งตะวันตกเหนือเมือง),สูง (ป้ายตำบล)
1432348635747209.jpg,รถหลายคันจมน้ำกลางคืน,ไม่ระบุได้,ไม่ใช้
1432348692413870.jpg,ประตูเมืองนครนายก (ถ่ายซ้ำใกล้ขึ้น),ประตูเมือง ถ.สุวินทวงศ์,สูง
1432348719080534.jpg,Lotus's นครนายก (ถ่ายซ้ำ),แยก Lotus's,สูง
1439759745006098.jpg,โพสต์ FB ทีมช่วยเหลือแจกของกลางน้ำท่วม (ไม่มีจุดสังเกต),ไม่ระบุได้,ไม่ใช้
1439748978340508.jpg,ประชาชนลากเรือในน้ำท่วมข้างถนน มีเสาไฟ/ทุ่งหญ้า (ไม่มีป้าย),ไม่ระบุได้,ไม่ใช้
1439749011673838.jpg,ลำเลียงน้ำดื่มใส่เรือข้างรถบรรทุกสัตว์ปีก (ข้อความบนรถอ่านไม่ชัด),ไม่ระบุได้,ไม่ใช้
1439749061673833.jpg,เรือบรรทุกน้ำดื่มกลางน้ำท่วม เสาไฟ/ทุ่งหญ้า,ไม่ระบุได้,ไม่ใช้
1439749095007163.jpg,คนลุยน้ำเข็นเรือ เสาไฟ,ไม่ระบุได้,ไม่ใช้
1439749135007159.jpg,รถบรรทุกสัตว์ปีกมีกรง + ลำเลียงน้ำขึ้นเรือ (ข้อความบนรถอ่านไม่ชัด),ไม่ระบุได้,ไม่ใช้
1439749195007153.jpg,เรือในน้ำท่วมข้างถนน มีเสาคอนกรีต/เส้นเหลืองกลางถนน,ไม่ระบุได้,ไม่ใช้
1439749228340483.jpg,ฉากเดียวกับภาพก่อน (เสาคอนกรีต เส้นเหลือง),ไม่ระบุได้,ไม่ใช้
1439749275007145.jpg,ลำเลียงน้ำดื่มขึ้นเรือข้างรถบรรทุก,ไม่ระบุได้,ไม่ใช้
1439726411676098.jpg,ร่มผ้าใบใหญ่สีน้ำเงิน-เหลืองมีข้อความไทย = จุดแจกจ่าย/ช่วยเหลือกลางน้ำท่วม,จุดแจกจ่ายชั่วคราว (ไม่ระบุตำบล),ต่ำ
1439726478342758.jpg,เพิง roadside แจกจ่ายอาหาร น้ำท่วมถนน (เส้นเหลือง),ไม่ระบุได้,ไม่ใช้
1439726561676083.jpg,ประชาชนบนแคร่ไม้/แพ ให้อาหาร-ของใช้,ไม่ระบุได้,ไม่ใช้
1439726648342741.jpg,ครัว/จุดปรุงอาหารช่วยเหลือบนพื้นยกสูง (กระทะใหญ่ ผัก),ไม่ระบุได้,ไม่ใช้
1439705335011539.jpg,"ถนนชนบทน้ำไหลข้ามผิวทาง ถนนแตกร้าว + เครื่องจักรกลหนัก (watermark 'หน้า บคอ', Vivo V40 04/10/2026 13:24)",ไม่ระบุได้ (ชนบท),ต่ำ
1439680931680646.jpg,กองป้ายทะเบียนรถที่เก็บได้ (บง1221/กค8777 นครนายก · กน14 ปราจีนบุรี · ขร9529 นครราชสีมา · 4ฒก9596 กทม.),ไม่ใช่จุดภาพ (หลักฐานจำนวนรถจมน้ำ),ไม่ใช้
1439681031680636.jpg,กองป้ายทะเบียนชุดเดิม (ภาพซ้ำ),ไม่ใช่จุดภาพ,ไม่ใช้
1439652705016802.jpg,กำหนดการทางการ: นายกฯ ลงพื้นที่ อ.เมืองปราจีนบุรี 4 ต.ค. 69 (14.30-17.30),บริบทราชการ (จ.ปราจีนบุรี),ไม่ใช่จุดเดียว
1439620505020022.jpg,ประกาศ 'อาชีวะช่วยประชาชน Fix It Center' ศูนย์ซ่อมฟรี 4 จุด นครนายก (1-5 ต.ค. 69) โทร 03763 9658,บริบทราชการ/หน่วยงาน,ไม่ใช่จุดเดียว
1439616098353796.jpg,เต็นท์ผ้าใบเขียวในลานว่าง ข้างอาคารสีขาว/ศาลาวัด (ไม่มีป้าย),ไม่ระบุได้,ไม่ใช้
1439588158356590.jpg,ถนนในชุมชนน้ำท่วม คนลุยน้ำถือถุง รถกระบะขาว บ้านหลังคาแดง (ไม่มีป้าย),ไม่ระบุได้,ไม่ใช้
1439588208356585.jpg,ถนนน้ำท่วม มีป้ายโฆษณาใหญ่ (อังกฤษ '...munity' + เบอร์ 062-8...),ย่านชุมชน/ห้าง (ไม่ระบุชื่อ),ต่ำ
1439578308357575.jpg,อินโฟกราฟิก สภ.องครักษ์: ถนนรังสิต-นครนายก (ทล.305) กม.41+800 น้ำท่วม 10-35 ซม. 4 ต.ค. 69 07.30 น.,ทางหลวง 305 กม.41+800 อ.องครักษ์,สูง (ข้อความระบุชัด)
1439438838371522.jpg,ทางหลวงน้ำท่วม รถบรรทุก ทางต่างระดับ ป้ายเขียวเหนือศีรษะ (อ่านไม่ชัด),แนวทางหลวง (ไม่ระบุ),ต่ำ
1439435571705182.jpg,ประกาศเทศบาลเมืองนครนายก เรื่องมาตรการช่วยเหลือผู้ประสบภัย (ด้านการเกษตร),บริบทราชการ (ทม.นครนายก),ไม่ใช่จุดเดียว
1439435618371844.jpg,หน้ารายงานสถานการณ์อุทกภัยรายวันระดับประเทศ (ปภ./DDPM) แผนที่ไทย+ตารางจังหวัด (หน้า 2),บริบทราชการ (ระดับประเทศ),ไม่ใช่จุดเดียว
1439435665038506.jpg,รายงานสถานการณ์ ปภ. หน้า 3 (จังหวัดภาคกลาง),บริบทราชการ (ระดับประเทศ),ไม่ใช่จุดเดียว
1439435708371835.jpg,รายงานสถานการณ์ ปภ. หน้า 4,บริบทราชการ (ระดับประเทศ),ไม่ใช่จุดเดียว
1439435745038498.jpg,รายงานสถานการณ์ ปภ. หน้า 5,บริบทราชการ (ระดับประเทศ),ไม่ใช่จุดเดียว
1439435155038557.jpg,ประกาศสำนักงานขนส่งจังหวัดนครนายก: สถานการณ์อุทกภัย 4 ต.ค. 69 + เส้นทางเดินรถโดยสารที่เปิด/ปิด,บริบทราชการ (ขนส่ง จ.นครนายก),ไม่ใช่จุดเดียว
1439415835040489.jpg,ภาพถ่ายทางอากาศถนนตัดคลอง มีป้าย 'ขาเข้าเมือง/ขาออกเมือง' + ความลึกน้ำ 10-17 ซม. และ 23-25 ซม.,ถนนสายหลักช่วงคลองตัด (ไม่ระบุชื่อ),ต่ำ
1439402331708506.jpg,ทางหลวงกลางคืนปิดด้วยแผงกั้นสีส้ม ไฟถนน (ไม่มีป้าย),แนวทางหลวง (ไม่ระบุ),ต่ำ
1439392775042795.jpg,สะพานลอยคนข้ามกลางคืนเหนือถนนน้ำท่วม มี taxi (มองจากในรถ),สะพานลอย (ไม่ระบุจุด),ต่ำ
1439365088378897.jpg,"อินโฟกราฟิกเขื่อนขุนด่านฯ 4 ต.ค. 69 06:00: น้ำ 213.23 ลลบ.ม. (95%), ระดับ 108.15 ม.รทก., ระบาย Spillway บานคงที่ 15 ซม. (2%), ท้ายเขื่อน 3.64 ม.","เขื่อนขุนด่านปราการชล (101.3214,14.3147)",สูง (สถานที่เฉพาะ + ตัวเลขตรวจสอบได้)
1439349288380477.jpg,รถโรงครัวพระราชทาน แจกข้าวสาร (เจ้าหน้าที่ในเครื่องแบบ),บริบท (โรงครัวพระราชทาน),ไม่ใช่จุดเดียว
1439349328380473.jpg,อาสาสมัคร/ทหารแจกอาหาร (ผ้าพันคอเหลือง),ไม่ระบุได้,ไม่ใช้
1439349378380468.jpg,ถาดอาหารในครัวช่วยเหลือ (ไส้กรอก/ผัด),ไม่ระบุได้,ไม่ใช้
1439349418380464.jpg,กล่องข้าวกล่องอาหารช่วยเหลือ (ข้าว+ไส้กรอก+ผัด),ไม่ระบุได้,ไม่ใช้
1439349445047128.jpg,อาสาสมัครในครัว (ผ้าพันคอเหลือง) ใต้หลังคารถ,ไม่ระบุได้,ไม่ใช้
1439349481713791.jpg,ครัวกระทะใหญ่ อาสาสมัครปรุงอาหาร,ไม่ระบุได้,ไม่ใช้
1439349525047120.jpg,ครัวในรถ (สแตนเลส) เจ้าหน้าที่,ไม่ระบุได้,ไม่ใช้
1439099215072151.jpg,ปภ. เตือนน้ำท่วมทาง 03-10-2026 22:46: แนวกระสอบทรายคันกั้นน้ำพัง ระดับน้ำท่วมถนนรังสิต-นครนายก หน้า มศว.องครักษ์ เพิ่มสูง รถเล็กผ่านลำบาก,ถนนรังสิต-นครนายก หน้า มศว.องครักษ์,สูง (ข้อความระบุชัด)
1439015841747155.jpg,โพสต์วิจารณ์การทำงานของเทศบาล (ไม่มีจุดสังเกต),บริบท (ข้อความ),ไม่ใช่จุดเดียว
1439005685081504.jpg,"อินโฟกราฟิกระดมทุนซื้อเรือช่วยภัย 'ชาวนครนายกต้องมีเรือ' (เป้า 50,000 บาท)",บริบท (ระดมทุน),ไม่ใช่จุดเดียว
1438997878415618.jpg,Screenshot ระบบ Flood Rescue Coordination System: แผนที่+เคส 'อ.องครักษ์ (1 เคส)' + ปุ่มแจ้งขอความช่วยเหลือ,บริบท (ระบบประสานงาน อ.องครักษ์),ไม่ใช่จุดเดียว
1438884635093609.jpg,อินโฟกราฟิก 'เจ้าสัวไบค์ ซ่อมฟรี' ช่วยผู้ประสบภัย 28 ก.ย.-31 ต.ค. 69,บริบท (ประกาศช่วยเหลือ),ไม่ใช่จุดเดียว
1438877078427698.jpg,ทางหลวงน้ำท่วม รถบรรทุกตู้ผ่าน,แนวทางหลวง (ไม่ระบุ),ต่ำ
1438877141761025.jpg,ถนนน้ำท่วม มีเชือกแดง-ขาวกั้นแนว + รถบรรทุกไกล,แนวทางหลวง (ไม่ระบุ),ต่ำ
1438877191761020.jpg,คนลุยน้ำข้ามถนน ไฟถนน,ไม่ระบุได้,ต่ำ
1438877235094349.jpg,ถนนลูกรัง/โคลน มีรถบรรทุกตู้ผ่าน เศษโคลนเต็มทาง,ไม่ระบุได้,ต่ำ
1438877355094337.jpg,พื้นที่น้ำท่วม/โคลน ข้างอาคารและต้นไม้ (ไม่มีป้าย),ไม่ระบุได้,ต่ำ
1438876071761132.jpg,โพสต์กราฟิก 'ตามหาทะเบียนรถหาย เจอทะเบียนรถได้โพสต์นี้' (ภาพประกอบเป็น beach hut ไม่ใช่ภาพเหตุการณ์),บริบท (ประกาศตามหาป้ายทะเบียน),ไม่ใช่จุดเดียว
1438834705098602.jpg,ถังขยะเหลืองเลข '116/2' หน้าร้านป้ายแดง 'โอ๊กะเตี๋ยว Café & Restaurant',ร้านก๋วยเตี๋ยวแห่งหนึ่ง (ไม่ทราบพิกัด),ต่ำ
1438798191768920.jpg,ภาพปลาบนอวน (โพสต์แยก ไม่เกี่ยวกับน้ำท่วม),ไม่ระบุได้,ไม่ใช้
1438794955102577.jpg,โพสต์ FB 'ชุมพลภัทร์ ต้น เลาหะพานิช': สำรวจลำน้ำล่องแก่งพบเรือรัว 2 ลำ เศษเหล็กในคลอง ขอเครื่องจักร อบจ.นครนายก ขุดออก,บริบท (ลำน้ำล่องแก่ง),ไม่ใช่จุดเดียว
1438773295104743.jpg,ฝาย/สะพานคอนกรีตข้ามลำน้ำ น้ำไหลล้น (ไม่มีป้าย),แนวลำน้ำ/ฝาย (ไม่ระบุชื่อ),ต่ำ
1438773335104739.jpg,ลำน้ำแก่งหิน ต้นไม้ ป่า,แนวลำน้ำ (ไม่ระบุ),ต่ำ
1438773378438068.jpg,ลำน้ำแก่งหิน มีภูเขาเบื้องหลัง,แนวลำน้ำเชิงเขา (ไม่ระบุ),ต่ำ
1438773435104729.jpg,ลำน้ำน้ำใส ต้นไม้ มีสายไฟพาด,แนวลำน้ำ (ไม่ระบุ),ต่ำ
1438773491771390.jpg,ลำน้ำแก่งหินในหมู่ไม้,แนวลำน้ำ (ไม่ระบุ),ต่ำ
1438773538438052.jpg,ลำน้ำแก่งหินในหมู่ไม้,แนวลำน้ำ (ไม่ระบุ),ต่ำ
1438773578438048.jpg,ลำน้ำแก่งหิน ข้างอาคารไม้ยกสูงริมน้ำ (ไม่ระบุชื่อ),แนวลำน้ำ (ไม่ระบุ),ต่ำ
1438772398438166.jpg,ต้นไม้ล้มขวางทางหลวง เจ้าหน้าที่เสื้อส้ม+รถบรรทุกตัดไม้ (ปิดทาง),แนวทางหลวง (ไม่ระบุ),ต่ำ
1438772441771495.jpg,ทางหลวงว่าง มีเจ้าหน้าที่เสื้อส้มข้างทาง แผงป้ายโฆษณา,แนวทางหลวง (ไม่ระบุ),ต่ำ
1438721248443281.jpg,อินโฟกราฟิก 'โรงเรียนวัดเจดีย์ทอง (สวชิทยาคาร)' ระดมทุนช่วยโรงเรียนประสบอุทกภัย (บัญชี ธ.กรุงไทย 211-0-52339-5),บริบท (ระดมทุน/โรงเรียน),ไม่ใช่จุดเดียว
1438718578443548.jpg,ต้นไม้ใหญ่ล้มขวางทางหลวง,แนวทางหลวง (ไม่ระบุ),ต่ำ
1438711195110953.jpg,โปสเตอร์วิพากษ์ 'ถ้ารัฐฯ ช่วยไม่ทัน...ชับน้ำตา' (TikTok @parin948),บริบท (โพสต์วิพากษ์),ไม่ใช่จุดเดียว
1438617451786994.jpg,ภาพปลาบนพื้นคอนกรีต (โพสต์แยก),ไม่ระบุได้,ไม่ใช้
1438609681787771.jpg,คนถือปลาใหญ่ข้างคลอง (โพสต์ตกปลา),ไม่ระบุได้,ไม่ใช้
1438609745121098.jpg,สองคนถือปลาฉลามบนเรือ 'RAWIEZ' (TikTok @deedee2004dndfaka) = โพสต์ตกปลาทะเล,ไม่เกี่ยวข้องกับเหตุการณ์,ไม่ใช้
1438608335121239.jpg,ปลาใหญ่หลายตัวในกระบะรถ (ตกปลา),ไม่ระบุได้,ไม่ใช้
1438608375121235.jpg,ภาพเดียวกับ 1438608335121239 (ซ้ำ),ไม่ระบุได้,ไม่ใช้
1438608425121230.jpg,ภาพปลาเดียวกับ 1438617451786994 (ซ้ำ),ไม่ระบุได้,ไม่ใช้
1438608455121227.jpg,ปลาไน/ปลาตะเพียนจำนวนมากเต็มกระบะรถกระบะ (ตกปลา),ไม่ระบุได้,ไม่ใช้
1438608518454554.jpg,ปลาไหล/ปลาดุกเต็มเรือสีน้ำเงิน + ขวดเครื่องปรุง,ไม่ระบุได้,ไม่ใช้
1438608571787882.jpg,ปลาตะเพียน/ปลาไนในกะละมังเขียว (ในครัว),ไม่ระบุได้,ไม่ใช้
1438608621787877.jpg,เรือสีน้ำเงิน มีปลาไหล พาย กาต้มน้ำ ขวดน้ำ,ไม่ระบุได้,ไม่ใช้
1438608678454538.jpg,ปลานิลเต็มกะละมัง + มะเขือเทศ,ไม่ระบุได้,ไม่ใช้
1438608731787866.jpg,ปลาตะเพียนในกะละมังฟ้า,ไม่ระบุได้,ไม่ใช้
1438608771787862.jpg,กะละมังปลาบนพื้นครัว + คันเบ็ด,ไม่ระบุได้,ไม่ใช้
1438608825121190.jpg,เรือสีน้ำเงิน มีปลาไน ถังน้ำ พาย,ไม่ระบุได้,ไม่ใช้
1438608885121184.jpg,ปลานิลเต็มกะละมัง,ไม่ระบุได้,ไม่ใช้
1438608918454514.jpg,มือถือปลาดุกสีทอง (albino) ในกะละมังดำ,ไม่ระบุได้,ไม่ใช้
1438608955121177.jpg,"ปลากระป๋อง ""Mackerel in Tomato Sauce ROZA"" 3 กระป๋องวางซ้อน (ของบริจาค?)",ไม่ระบุได้,ไม่ใช้
1438599675122105.jpg,ทิวทัศน์น้ำท่วมกว้างจากหัวเรือเขียว — เสาไฟ/สายไฟจมน้ำ ต้นไม้ท่วม อาคารระยะไกล,ไม่ระบุได้ (น้ำท่วมกว้าง),ต่ำ (ไม่มีจุดสังเกต)
2330439624395119.jpg,ไม่พบไฟล์ในโฟลเดอร์ (มีใน caption แต่ไม่มี .jpg),ข้าม,ไม่ใช้
1433913412257398.jpg,ไม่พบไฟล์ในโฟลเดอร์ (มีใน caption แต่ไม่มี .jpg),ข้าม,ไม่ใช้
1438599728455433.jpg,น้ำท่วมภายในอาคาร (ผนังชมพู พื้นกระเบื้อง) ชายสูงอายุเดินลุยน้ำสีขุ่นระดับเข่า เฟอร์นิเจอร์/กระเป๋า/เครื่องซักผ้าจมน้ำ,น้ำท่วมถึงในอาคาร (ไม่ระบุตำแหน่ง),ต่ำ-กลาง
1438599785122094.jpg,น้ำท่วมใต้หลังคาเมทัลชีท (ลาน/หน้าร้าน) หญิงลุยน้ำสีขุ่นระดับเข่า มีชั้นวางของ/รถเข็น,น้ำท่วมลาน/หน้าร้าน (ไม่ระบุตำแหน่ง),ต่ำ-กลาง
1438598505122222.jpg,เรือยางสีแดง 3 ลำจอดที่ทางลาดคอนกรีตชายน้ำ (จุดลงเรือ) ต้นไม้/ป้ายริมน้ำ,จุดลงเรือยางริมคลอง (ไม่ระบุตำแหน่ง),ต่ำ
1438598551788884.jpg,ทีม 4 คนใส่เสื้อชูชีพ+หมวกแดงยืนที่ทางลาดคอนกรีตชายน้ำ กับเรือยางแดง,จุดลงเรือ (ไม่ระบุตำแหน่ง),ต่ำ
1438598595122213.jpg,ทีม 4 คนใส่เสื้อชูชีพ+หมวกแดง (ท่าทางต่างจากภาพก่อน) ริมน้ำกับเรือยางแดง,จุดลงเรือ (ไม่ระบุตำแหน่ง),ต่ำ
1438570835124989.jpg,"โพสต์ Facebook ร้องเรียนที่พัก: จองที่พัก 26/09 เที่ยง ได้รับแจ้งเตือนจาก ปภ. ว่าอยู่ในพื้นที่เสี่ยงมาก ขอยกเลิก-ยอมเสียมัดจำ 18,xxx บาท แต่ที่พักไม่คืน",อ้างอิงการเตือนของ ปภ. 26/09 เที่ยง (บริบทไทม์ไลน์),ไม่ใช่จุดเดียว
1438552121793527.jpg,โพสต์ Facebook เล่าการล่องแก่ง: ไปล่องแก่ง 26/09 เที่ยง น้ำแรงมาก เรือพลิกคว่ำ ถูกน้ำดูดตรงที่ต้ม เกือบเสียชีวิต,อ้างอิงกระแสน้ำแรงจัดในคลอง (แก่ง) 26/09 (บริบทความเร็วน้ำ),ไม่ใช่จุดเดียว
1438552188460187.jpg,แชท Messenger คุยเรื่องอุบัติเหตุล่องแก่ง: บ่าย 2 ฝนตก น้ำแรง เจ้าของกิจการยังปล่อยให้ล่อง,อ้างอิงฝนตกบ่าย 2 + กระแสน้ำแรง (บริบทไทม์ไลน์),ไม่ใช่จุดเดียว
1438552248460181.jpg,ภาพเท้า/ขาใกล้ชิดบนพื้นคอนกรีต (อาจแสดงรอยบาดเจ็บ),ไม่ระบุได้,ไม่ใช้
1438533348462071.jpg,ภาพนิ่งวิดีโอ: คนพายเรือยางในน้ำ (ล่องแก่ง),ไม่ระบุได้,ไม่ใช้
1438533388462067.jpg,ภาพนิ่งวิดีโอ: คนใส่เสื้อชูชีพแดง/หมวกแดงพายเรือยาง (เสื้อทีมกู้ภัย),ไม่ระบุได้,ไม่ใช้
1438533445128728.jpg,ภาพนิ่งวิดีโอ: คนใส่เสื้อชูชีพแดง (ทีมกู้ภัย) พายเรือยางลอดกิ่งไม้,ไม่ระบุได้,ไม่ใช้
1438533485128724.jpg,ภาพนิ่งวิดีโอ: คนใส่เสื้อชูชีพแดง/หมวกแดงบนเรือยาง มีกิ่งไม้พาดกลางน้ำ กระแสน้ำแรง (ล่องแก่ง),ไม่ระบุได้,ไม่ใช้
1438533535128719.jpg,ภาพนิ่งวิดีโอ: คนพายเรือยางผ่านกิ่งไม้ กระแสน้ำแรง,ไม่ระบุได้,ไม่ใช้
1438533578462048.jpg,ภาพนิ่งวิดีโอ: เรือยางพลิกคว่ำในน้ำเชี่ยว (แก่ง) มีกิ่งไม้,ไม่ระบุได้ (หลักฐานกระแสน้ำแรง),ต่ำ
1438533628462043.jpg,ภาพนิ่งวิดีโอ: เรือยางพลิกคว่ำในน้ำ (เหตุเดียวกับภาพก่อน),ไม่ระบุได้,ไม่ใช้
1438516328463773.jpg,"เขื่อนขุนด่านปราการชล ระบายน้ำล้นสปิลเวย์ + ข้อความทับ ""ณ ปัจจุบัน 8.55 น.""",เขื่อนขุนด่านปราการชล,สูง
1438512291797510.jpg,ถนนจมน้ำ มีรถวิ่งฝ่าน้ำ + ข้อความแจ้งเตือนน้ำท่วม (ตลาด/หอ) ทับวิดีโอ (เวลา 08:09),ถนนจมน้ำ (ไม่ระบุจุดชัด),ต่ำ-กลาง
1438508271797912.jpg,"เขื่อนขุนด่านปราการชล ระบายน้ำล้นสปิลเวย์ + ข้อความทับ ""3 ต.ค. 69""",เขื่อนขุนด่านปราการชล (3 ต.ค. 69),สูง
1438502425131830.jpg,โพสต์ทางการแขวงทางหลวงนครนายก: น้ำท่วมขัง 3 ต.ค. 2569 07:15 ทล.305 กม.41+800 หน้า มศว องครักษ์ น้ำเพิ่มขึ้นช่วงยาว ~100 ม. ยังสัญจรได้,ทล.305 กม.41+800 หน้า มศว.องครักษ์,สูง
1438099801838759.jpg,ผิวน้ำกว้าง (อ่างเก็บน้ำ/ทะเลสาบ) ฉากหลังภูเขาเขียวนครนายก + เสาหมุด,อ่างเก็บน้ำ (ไม่ระบุชื่อชัด),ต่ำ
1438035188511887.jpg,โปสเตอร์เทศบาลตำบลบางสมบูรณ์: แจกจ่าย/ประชาสัมพันธ์ช่วยเหลือน้ำท่วม วันที่ 3 ตุลาคม 2569 ตามหมู่ 1-13,เทศบาลตำบลบางสมบูรณ์ (3 ต.ค. 69),สูง
1437974058518000.jpg,"ผิวน้ำ + ข้อความทับ ""ก.ย.-ต.ค."" (ช่วงน้ำท่วม)",ไม่ระบุได้,ไม่ใช้
1437965818518824.jpg,โปสเตอร์จังหวัดนครนายก: แจ้งเตือนสภาพอากาศแปรปรวน 4-7 ตุลาคม 2569 (ฝนฟ้าคะนอง ลมกระโชก ฝนตกหนัก) + เบอร์ฉุกเฉิน 1784/191/1669,ประกาศจังหวัดนครนายก (4-7 ต.ค. 69),ไม่ใช่จุดเดียว
1437953941853345.jpg,ชายใส่เสื้อกั๊กหน่วยงาน (โลโก้เหลือง) ยืนบนสะพาน/โครงเหล็กสูง มีธงไทย มองเห็นหุบเขา/ภูเขา,สะพาน/จุดชมวิวเหนือหุบเขา (ไม่ระบุชัด),ต่ำ
1437952005186872.jpg,ถนนเขตภูเขา แตกร้าว/ทรุดตามยาว มีเจ้าหน้าที่ใส่กั๊กและกรวยจราจร,ถนนทรุด (เขตภูเขา ไม่ระบุชัด),ต่ำ-กลาง
1437952068520199.jpg,ถนนแตกร้าว/ทรุด (มุมอื่น) กรวยจราจร เจ้าหน้าที่,ถนนทรุด (เขตภูเขา),ต่ำ-กลาง
1437952141853525.jpg,ถนนแตกร้าว/ทรุด (มุมอื่น) เจ้าหน้าที่ตรวจสอบ,ถนนทรุด (เขตภูเขา),ต่ำ-กลาง
1437928445189228.jpg,กลางคืน: รถพยาบาล รถดับเพลิง รถกู้ภัย ไฟฉุกเฉิน ฝูงชน บริเวณตลาด/ถนน,จุดปฏิบัติการกู้ภัยกลางคืน (ไม่ระบุชัด),ต่ำ
1437928498522556.jpg,กลางคืน: เรือกู้ภัยติดเครื่องยนต์ท้ายบนถนนท่วม มีคนใส่เสื้อชูชีพ เรือข้อความ อบจ.นครนายก/กู้ภัยนครนายก,ถนนท่วมมีเรือกู้ภัย (นครนายก),ปานกลาง
1437928551855884.jpg,กลางคืน: รถเครนเหลืองยกแขน คนงานเสื้อสะท้อนแสงข้อความ กู้ภัย...นครนายก ฝูงชน,ปฏิบัติการกู้ภัยกลางคืน (ไม่ระบุชัด),ต่ำ
1437928605189212.jpg,รถบรรทุกเหลือง NISSAN DIESEL วิ่งฝ่าน้ำท่วมลึกบนถนน (คนขับนั่งบนหัวรถ) เสาไฟ อาคาร,ถนนท่วมลึก (ไม่ระบุชัด),ปานกลาง
1437928651855874.jpg,แจกของช่วยเหลือ: ชายชุดน้ำเงินยื่นถุงยังชีพให้คนกางร่ม ยืนในน้ำท่วม ข้างพื้นไม้,จุดแจกของช่วยเหลือในน้ำท่วม (ไม่ระบุชัด),ปานกลาง
1437928701855869.jpg,แจกของช่วยเหลือ: ชายชุดน้ำเงินยื่นถุงให้หญิงชุดชมพูยืนในน้ำท่วมข้างพื้นไม้ เสาไฟ,จุดแจกของช่วยเหลือในน้ำท่วม,ปานกลาง
1437928755189197.jpg,มองจากรถ: ถนนท่วมน้ำสีขุ่น รถเก๋งครึ่งคันวิ่งฝ่า บ้านหลังคาแดง ตู้ไปรษณีย์แดง เสาไฟ,ถนนท่วม (ไม่ระบุชัด),ปานกลาง
1437928795189193.jpg,แจกของช่วยเหลือ: ชายชุดน้ำเงินยื่นถุงให้ชายสูงอายุอกเปลือยยืนน้ำท่วมระดับอก ข้างพื้นไม้ ถนนเรียงบ้าน,ถนนชุมชนท่วมลึก (ไม่ระบุชัด),ปานกลาง
1437928848522521.jpg,พื้นที่น้ำท่วมมีท่อขนาดใหญ่พาด ท่อ/ราวสีฟ้า-ขาวด้านหน้า รถขุดสีส้มทำงานข้างร้านหลังคาชมพู น้ำสีขุ่น,พื้นที่น้ำท่วม (ไม่ระบุชัด),ต่ำ
1437928895189183.jpg,รถขุด CAT สีส้มบนกองเศษกิ่งไม้ ข้างโครงสร้างหลังคาชมพู น้ำท่วม มีท่อใหญ่,พื้นที่น้ำท่วม/เก็บกวาด (ไม่ระบุชัด),ต่ำ
1437928941855845.jpg,รถขุด CAT บนถนน/สะพานมีราวท่อ หลังคาเต็นท์ชมพู กำลังทำงาน,พื้นที่น้ำท่วม/เก็บกวาด,ต่ำ
1437929058522500.jpg,รถขุดสีส้มข้างเต็นท์ชมพู ท่อใหญ่พาดพื้นท่วม เศษกิ่งไม้,พื้นที่น้ำท่วม/เก็บกวาด,ต่ำ
1437929111855828.jpg,กลุ่มคนทำความสะอาดใต้โครงตาข่ายดำ ในน้ำท่วม/โคลน,กิจกรรมเก็บกวาดหลังน้ำท่วม,ไม่ใช้
1437929158522490.jpg,รถเครนเหลือง NISSAN DIESEL (ทะเบียน 80-4449) บนถนนโคลน มีเศษซาก รถไถเล็ก,ปฏิบัติการเก็บกวาดหลังน้ำท่วม,ต่ำ
1437929211855818.jpg,รถเครนเหลือง (80-4449) ยกกรงเหล็กดำด้วยแขนเครนบนถนน ฝูงชนดู,ปฏิบัติการเก็บกวาด,ต่ำ
1437929265189146.jpg,กลุ่มอาสาสมัครใส่เสื้อกันฝนช่วยกันลาก/ดันรถลากทำเอง (มีถัง+เครื่องยนต์ คล้ายรถปั๊มน้ำ) ผ่านน้ำท่วมบนถนน,ถนนท่วม+อาสาสมัคร (ไม่ระบุชัด),ต่ำ-กลาง
1437929348522471.jpg,คนลุยน้ำท่วมดันรถลากมีเครื่องปั๊ม อาคารฉากหลัง (คนเสื้อแดงเบอร์ 9),ถนนท่วม+ปั๊มน้ำ,ต่ำ-กลาง
1437929405189132.jpg,กลุ่มชายใส่เสื้อชูชีพเหลืองลุยน้ำท่วมหน้าอาคารมีภาพจิตรกรรม/พระบรมฉายาลักษณ์ขนาดใหญ่ ธงไทย มีเรือ,อาคารหน่วยงานราชการ/ศูนย์ศึกษา (ไม่ระบุชัด),ต่ำ-กลาง
1437929505189122.jpg,เรืออะลูมิเนียมบนถนน มีคนนั่ง ป้ายด้านขวาเอ่ยถึง ศูนย์ศึกษาการพัฒนา...,ใกล้ศูนย์ศึกษาการพัฒนาฯ (ไม่ระบุชัด),ต่ำ-กลาง
1437929565189116.jpg,กลุ่มชายใส่เสื้อกั๊กน้ำเงิน/เหลือง (กู้ภัย/อาสา) บนรถกระบะมีถังน้ำสีฟ้า ใกล้สะพานมีราวสีชมพู,จุดขนส่งช่วยเหลือ (ไม่ระบุชัด),ต่ำ
1437929615189111.jpg,ถนนชุมชนจมน้ำ มีคนลุยและรถจอด/วิ่งในน้ำสีขุ่น (มองจากหลังรถ) บ้านหลังคาแดง เสาไฟ,ถนนชุมชนท่วม (ไม่ระบุชัด),ต่ำ-กลาง
1437929648522441.jpg,ขนของช่วยเหลือ: คนยกถุงขาวขึ้นรถบรรทุกเหลืองและรถกระบะ กลางวัน ใกล้ร้านค้า,จุดขนของช่วยเหลือ,ต่ำ-กลาง
1437929705189102.jpg,แจกของช่วยเหลือ: คนขนถุงขาวจากรถบรรทุกลงพื้นที่ท่วมหน้าบ้าน 2 ชั้น/ร้านค้า,จุดแจกของช่วยเหลือในน้ำท่วม,ต่ำ-กลาง
1437929758522430.jpg,อาสาสมัครหิ้วถุงขาวเดินบนถนนโคลน/น้ำท่วม อาคารร้างด้านขวา,จุดแจกของช่วยเหลือ,ต่ำ-กลาง
1437929795189093.jpg,คนบนรถบรรทุกยื่นถุงขาวให้คนยืนในน้ำท่วม บ้านสีชมพู กำแพง,จุดแจกของช่วยเหลือในน้ำท่วม,ต่ำ-กลาง
1437929851855754.jpg,กลางคืน: ฝูงชนรอบรถบรรทุกเหลือง เด็กถือตะกร้าเขียวใส่ของ มีหมา,จุดแจกของช่วยเหลือกลางคืน,ต่ำ
1437929908522415.jpg,"อินโฟกราฟิก อบจ.นครนายก: ไม่ได้นิ่งนอนใจ — เร่งเครื่องจักรช่วยเหลือ, โรงครัว, บริการรับ-ส่ง, ลงพื้นที่",ประกาศ อบจ.นครนายก (ไทม์ไลน์การตอบสนอง),ไม่ใช่จุดเดียว
1437836795198393.jpg,แจกของช่วยเหลือทางเรือ: รถไถ+เรือบรรทุกถุงขาวในน้ำท่วม กล้วย บ้าน,จุดแจกของช่วยเหลือทางเรือ (ไม่ระบุชัด),ต่ำ-กลาง
1437836891865050.jpg,รถไถพ่วงพ่วงสีแดงบรรทุกถุงขาวในน้ำท่วม คนสะพายเป้ส้ม กล้วย บ้าน,จุดแจกของช่วยเหลือ,ต่ำ-กลาง
1437836985198374.jpg,เรือบรรทุกคน (บางคนชุดดำ) ล่องในหมู่บ้านท่วม กล้วย,จุดแจกของช่วยเหลือทางเรือ,ต่ำ-กลาง
1437837061865033.jpg,รถไถพ่วงพ่วงแดงบรรทุกถุงของบนถนน คนยืน เสาไฟ,จุดขนของช่วยเหลือ,ต่ำ-กลาง
1437837118531694.jpg,ผู้สูงอายุชุดชมพูหิ้วตะกร้าฟ้า ลุยน้ำท่วม กะละมังดำ ท่อน้ำสีฟ้า กล้วย บ้าน,หมู่บ้านท่วมลึก (ไม่ระบุชัด),ต่ำ-กลาง
1437837168531689.jpg,แจกของช่วยเหลือทางเรือ: เรือพลาสติกสีฟ้าบรรทุกถุงขาว มีคนใส่เสื้อชูชีพในหมู่บ้านท่วม กล้วย,จุดแจกของช่วยเหลือทางเรือ (ไม่ระบุชัด),ต่ำ-กลาง
1437837228531683.jpg,แจกของช่วยเหลือ: เรือแดงเครื่องยนต์ท้ายบรรทุกของ คนสะพายเป้ส้มลุยน้ำ รถไถพ่วงแดง ทุ่งนา กล้วย,จุดแจกของช่วยเหลือทางเรือ,ต่ำ-กลาง
1437837271865012.jpg,ภาพเซลฟี่กลุ่มทีมอาสา (เสื้อ LEGEND ดำ) บนถนน มีถุงของช่วยเหลือ,ทีมอาสา (ไม่ระบุชัด),ไม่ใช้
1437835751865164.jpg,เจ้าหน้าที่ 2 คน (หนึ่งสวมปลอกแขน ปภ.) ถือกล่องของบริจาค หน้าเขื่อนขุนด่านปราการชล (มีข้อความชื่อเขื่อน) + เราต้องก้าวไปด้วยกัน,เขื่อนขุนด่านปราการชล,สูง
1437786455203427.jpg,เอกสาร/ภาพชุดแนวทางการเลี้ยงสัตว์เลี้ยง — เจ้าหน้าที่ตรวจคอกสัตว์ (หมู/โค) 8 ภาพ,บริบทการช่วยเหลือปศุสัตว์,ไม่ใช่จุดเดียว
1437786498536756.jpg,แบบฟอร์มรายงานความเสียหายพืช/สัตว์ (ตาราง),บริบทเอกสารราชการ,ไม่ใช้
1437780645204008.jpg,"ถนนจมน้ำสีขุ่นลึก รถเก๋ง/กระบะวิ่งฝ่า + ข้อความทับ ""บ้านสร้าง"" เสาไฟ",ถนนท่วม บ้านสร้าง,ปานกลาง
1437724741876265.jpg,บ้านชั้นเดียวสีเทาฟ้า กลางน้ำท่วมลึก (ระดับหน้าต่าง) กล้วย มะพร้าว,บ้านเดี่ยวท่วมลึก (ไม่ระบุชัด),ต่ำ-กลาง
1437724871876252.jpg,ศาลพระภูมิ/ศาลาเล็กกลางน้ำท่วม มีตะกร้าเครื่องดื่มหน้าฉาก ต้นไม้,หมู่บ้านท่วม (ไม่ระบุชัด),ต่ำ
1437724918542914.jpg,ศาลพระภูมิ 3 หลังกลางน้ำท่วม กล้วย บ้านด้านขวา,หมู่บ้านท่วม (ไม่ระบุชัด),ต่ำ
1437705528544853.jpg,โปสเตอร์ Honda (นครนายก): ช่วยผู้ประสบภัยน้ำท่วม ตรวจเช็คฟรี 10 รายการ/ค่าแรง/น้ำมัน วันที่ 1-15 ตุลาคม 2569,ประกาศศูนย์ Honda นครนายก (ไทม์ไลน์),ไม่ใช่จุดเดียว
1437673171881422.jpg,โปสเตอร์ กุยช่ายคุณเอ: วิกฤตน้ำท่วมนครนายก แจกกุยช่าย/อาหาร วันพฤหัสบดีที่ 1 ตุลาคม 2569 + รายการช่อง 25,ประกาศ/รายการ (ไทม์ไลน์),ไม่ใช่จุดเดียว
1437666451882094.jpg,อินโฟกราฟิกเขื่อนขุนด่านปราการชล 2 ต.ค.69 12:00 — ระดับน้ำ 108.41 ม.รทก. · ปริมาณน้ำ 214.51 ล้าน ลบ.ม. (95%) · ระบาย Spillway ยกบานคงที่ 25 ซม. (4% ของระบายสูงสุด) · ระดับน้ำต่ำกว่าสันสปิลเวย์ที่สะพานเขานางบวช 2.56 ม. · เตือนรับฝนช่วง 4-6 ต.ค.,"เขื่อนขุนด่านปราการชล (101.3214,14.3147)",สูง (สถานที่เฉพาะ + ตัวเลขตรวจสอบได้)
1437592498556156.jpg,"สกรีนช็อตแผนที่ LINE (ดาวเทียม) — ลูกศรแดงชี้จากเหนือลงใต้ (เส้นทาง/ทิศน้ำ ยังกำกวม) + วงแดง 3 จุดปลายทาง + ป้ายชื่อ ""วัดกลางคลองสามสิบ"" + สเกล 500/200 ม. + หมุดร้านขายมอเตอร์ไซค์",วัดกลางคลองสามสิบ ต.บางปลากด อ.องครักษ์ (ถนน ทช.4015) — ยืนยันชื่อจากแหล่งภายนอก แต่ยังไม่ยืนยันพิกัด,ปานกลาง
1437592548556151.jpg,บ้านไม้ชั้นเดียวกลางน้ำท่วมลึก (ถึงระดับพื้นบ้าน) หลังคาสีน้ำเงิน-แดง มีแคร่/สะพานไม้ต่อออกไป ต้นไม้ล้อม ไม่มีป้าย,หมู่บ้านท่วมลึก (ไม่ระบุชัด),ต่ำ
1437592585222814.jpg,ผิวน้ำกว้างเรียบ + ขอบฟ้า ทุ่ง/ท้องนาท่วมเป็นบริเวณกว้าง ไม่มีจุดสังเกต,ไม่ระบุได้,ไม่ใช้
1437592648556141.jpg,แก้วพลาสติกใส่อาหาร (ในร่ม ริมหน้าต่าง) ไม่เกี่ยวกับน้ำท่วม,ไม่ระบุได้,ไม่ใช้
1437592685222804.jpg,ลานหมู่บ้านน้ำท่วมขุ่นเขียว รถไถนาเดินตาม/เครื่องจักรเกษตรจอดจม + บ้านไม้ ต้นไม้ ไม่มีป้าย,หมู่บ้านเกษตรท่วม (ไม่ระบุชัด),ต่ำ
1437542375227835.jpg,"อินโฟกราฟิก อาสาสมัคร จ.นครนายก ""อาสา: ช่วยประชาชน"" Fix It Center — 4 จุดบริการ · สรุปของช่วย ณ 1 ต.ค. 2569 (เครื่องอุปโภคบริโภค/ชุดปฐมพยาบาล/อาหารพร้อมรับประทาน)",ศูนย์อาสาสมัคร Fix It Center จ.นครนายก (ไทม์ไลน์),ไม่ใช่จุดเดียว
1437538528561553.jpg,บุคคล 3 คนยืนในโรง/ศูนย์พักพิง มีกระสอบข้าวและของช่วยเหลือกองเต็มพื้น,ศูนย์พักของ/แจกของ (ไม่ระบุชัด),ไม่ใช้
1437538595228213.jpg,"กล่องของช่วยเหลือเรียงเต็มพื้นที่ในโรงมีหลังคา + ป้ายเหลืองตรา ""จังหวัดนครนายก"" (ถุงยังชีพผูกเชือก)",จุดรวมของช่วย จ.นครนายก (ไม่ระบุตำแหน่ง),ไม่ใช้
1437538668561539.jpg,ลานวัดไทย (อุโบสถ/วิหารหลังคาซ้อน) มีรถไถนาเดินตาม/รถพ่วงต่อแถว + คนยืนจำนวนมาก (แจกของ/ขบวน),วัด (ไม่ระบุชื่อ) — จุดแจกของ,ต่ำ-กลาง
1437538708561535.jpg,รถดับเพลิงสีแดง (รถน้ำ) + รถพ่วงบรรทุกขวดน้ำดื่ม หน้าซุ้มประตูวัดไทย (ซุ้มยอดปราสาท),วัด (ไม่ระบุชื่อ) — จุดแจกน้ำ,ต่ำ-กลาง
1437538781894861.jpg,กระบะรถพ่วงบรรทุกถุงของ/ขวดน้ำดื่มเต็มคัน (ถุงสีชมพู-ฟ้า) ไม่มีป้าย,ไม่ระบุได้,ไม่ใช้
