2026-09-22,08:00,ปิด (Spillway 0.000),204.07,91.1,,เว็บโครงการ 09-22-69.jpg,ปล่อยฐาน 1.274 = โรงไฟฟ้า/ท่อส่งน้ำ [ป้ายแถว OCR?]
2026-09-23,15:27,เปิด (ภาพถ่ายระบาย),,,,FB โพสต์ 23 ก.ย. 15:27,ภาพถ่ายจริงการระบายผ่านสปิลเวย์หลายบาน
2026-09-24,10:22,2 บาน x 25 ซม.,210.5,94.06,2.28,FB โพสต์ 24 ก.ย. 10:22,"ฝนสะสมปี 1,590.90 มม."
2026-09-24,20:19,ประกาศ: จะเพิ่มการระบาย,,,,FB โพสต์ 24 ก.ย. 20:19,ใบประชาสัมพันธ์ มีผล 25 ก.ย. 08:00 เป็นต้นไป
2026-09-26,07:31,2 บาน x 25 ซม. (ค่าเมื่อวานของรายงาน 27),218.66,97.61,,FB โพสต์ 26 ก.ย. 07:31 + IG 27 ก.ย. คอลัมน์เมื่อวาน,คอมเมนต์เพจยืนยัน 26 ก.ย. 'เปิดค่ะ'
2026-09-27,21:23,4 บาน x 50 ซม.,219.15,97.8,2.79,IG 27 ก.ย. 21:23,จุดวัด ส.9 ปากพลี-นางรอง 1.77 ม. สีส้มเฝ้าระวัง / ค่าตอนเย็น (เช้า 27 ก.ย. อ่างพีค 224.34 ตาม API)
2026-09-28,~08:00,ประกาศปิด/ชะลอการระบาย (มีผล 28 ก.ย.เป็นต้นไป) + ลด 50→25 ซม. (ข่าว),,,,FB โพสต์ 28 ก.ย. (ประกาศ) + sanook/ไทยรัฐ,ประกาศระบุ 'เพื่อความปลอดภัยของประชาชนและบรรเทาอุทกภัย' = รับคำสั่ง มท. 27 ก.ย.
2026-09-29,09:49,2 บาน x 25 ซม.,,,,IG 29 ก.ย. 09:49,
2026-10-01,08:11,ยกบาน 25 ซม.,,,,IG 1 ต.ค. 08:11,ข้อความโพสต์ระบุ 'เริ่มยกบานสปิลเวย์ 25 ซม.'
2026-10-03,08:00,15 ซม.,212.94,95.0,2.72,ภาพผู้ใช้ 3 ตค 69.jpg,ระดับหน้าเขื่อน 108.09 ม.รทก.
2026-10-04,08:00,(ปล่อยรวม 3.625 ลลบ.ม./วัน),213.18,95.17,,รายงานทางการ 4 ต.ค. (566657.jpg),Service Spillway 3.560 (เมื่อวาน 6.063) + Outlet 0.065
date,time,spillway_gates,storage_mcm,storage_pct,tailwater_m,source_evidence,notes
