year,dam_upper_basin,mueang_town
2000,286.5,286.5
2001,222.7,222.7
2002,305.5,305.5
2003,262.1,262.1
2004,226.5,226.5
2005,322.9,322.9
2006,348.8,348.8
2007,250.2,250.2
2008,390.3,390.3
2009,231.4,231.4
2010,364.2,364.2
2011,398.2,398.2
2012,332.8,332.8
2013,367.9,367.9
2014,225.9,225.9
2015,324.6,324.6
2016,239.3,239.3
2017,295.4,325.7
2018,580.0,400.3
2019,496.7,345.2
2020,605.9,436.4
2021,419.8,443.7
2022,450.3,459.5
2023,531.4,570.4
2024,372.2,393.0
2025,295.4,348.4
2026,430.2,395.2
