date,rain_nn_mm,storage_mcm,storage_pct,above_urc_mcm,inflow,released,spillway_gates,Ny7_town_peak_m,Ny1B_near_dam_m,event
2026-09-12,51.4,189.01,84.0,8.6,3.214,1.275,,6.069999999999999,5.64,
2026-09-13,10.8,189.51,84.3,7.7,1.833351,1.2744,,5.739999999999999,5.09,
2026-09-14,0.2,189.61,84.3,6.4,1.417,1.275,,5.83,4.91,
2026-09-15,67.2,189.56,84.3,5.0,1.278542,1.2744,,6.279999999999999,6.03,
2026-09-16,133.4,195.2,86.8,9.3,5.755,0.065,,6.27,6.01,
2026-09-17,87.4,198.07,88.1,10.8,3.458134,0.5328,,6.159999999999999,6.05,
2026-09-18,26,199.59,88.7,10.9,2.792,1.221,,6.1499999999999995,5.74,
2026-09-19,6.6,200.39,89.1,10.4,2.135,1.275,,6.05,5.55,
2026-09-20,19.6,201.25,89.5,9.8,2.183954,1.2744,,6.25,6.07,
2026-09-21,36.4,203.06,90.3,10.3,3.142,1.275,,6.05,5.61,
2026-09-22,78.2,204.07,90.7,9.9,2.333965,1.2744,ปิด (Spillway 0.000) @08:00,6.1,5.98,
2026-09-23,59.81,208.94,92.9,13.4,6.201,1.275,เปิด (ภาพถ่ายระบาย) @15:27,5.93,5.55,TMD#4 (23-27ก.ย.) + เขื่อนเริ่มเปิดสปิลเวย์
2026-09-24,23.21,210.5,93.6,13.6,3.109201,1.498914,2 บาน x 25 ซม. @10:22 ; ประกาศ: จะเพิ่มการระบาย @20:19,5.8999999999999995,5.48,รายงานเช้า: 2บาน25ซม. / 20:19 ประกาศเพิ่มระบาย 25ก.ย. 08:00
2026-09-25,111.8,212.11,94.3,13.9,3.875,2.21,,7.17,8.12,ฝน 111.8 มม. เริ่มเพิ่มการปล่อย
2026-09-26,144,218.66,97.2,19.0,11.214,4.609,2 บาน x 25 ซม. (ค่าเมื่อวานของรายงาน 27) @07:31,8.49,11.04,ฝนพีค 144-311มม. 22:30 น้ำป่าล้นตลิ่ง ท่วมวังกระโจม
2026-09-27,,224.34,99.8,23.3,37.412018,31.664035,4 บาน x 50 ซม. @21:23,9.23,11.07,อ่างเต็มสุด 224.34 / มท.สั่งปิดประตูชั่วคราว / เย็น: 4บาน50ซม. / แม่น้ำเมืองพีค 9.23ม.
2026-09-28,105.4,219.15,97.4,16.8,14.291,19.428,ลดจาก 50 → 25 ซม. (ข่าว),9.01,10.45,25→50→25 ซม. ในวันเดียว / เมืองท่วมขัง 40-50ซม.
2026-09-29,108.4,217.17,96.6,13.4,11.482,13.407,2 บาน x 25 ซม. @09:49,8.8,9.78,พลพีร์: แค่หารือชะลอน้ำ / ฝนรอบสอง 105-108มม.
2026-09-30,3,215.84,96.0,10.7,4.203,5.48,,7.93,7.79,
2026-10-01,0,216.97,96.5,10.5,2.465,1.275,ยกบาน 25 ซม. @08:11,7,6.71,ยกบาน 25 ซม.
2026-10-02,0.2,215.39,95.8,8.3,4.672,6.378,,6.909999999999999,6.55,
2026-10-03,0.2,213.13,94.8,5.5,3.924,6.128,15 ซม. @08:00,6.7299999999999995,6.28,ลดเหลือ 15 ซม.
2026-10-04,,213.18,94.8,5.0,3.728,3.625,(ปล่อยรวม 3.625 ลลบ.ม./วัน) @08:00,6.3999999999999995,5.31,
