text,tambons,villages
"ตัวบ่งชี้สถานะออนไลน์ | กำลังใช้งาน | ที่นี่ ""นครนายก"" | ประมาณ 1 ชั่วโมงที่แล้ว | 1 ชั่วโมง |   | · | ฝากแอดมินหน่อยค่ะ  |   ตั้งแต่น้ำท่วมมาที่ ต.ท่าทราย อ.เมือง  | ไม่เห็นนายก อ",อ.เมือง/ท่าทราย,
"ตัวบ่งชี้สถานะออนไลน์ | กำลังใช้งาน | ที่นี่ ""นครนายก"" | 2 ชั่วโมงที่แล้ว | 2 ชั่วโมง |   | · | รบกวนช่วยเหลือประชาชนพื้นที่ม.4 ต.ศรีจุฬา อ.เมือง จ.นครนายก ครับ ตอนนี้น้ำท่วมส้วม ไ",อ.เมือง/ศรีจุฬา,
"อัลบั้ม อุทกภัย นครนายก 2569 | ตัวบ่งชี้สถานะออนไลน์ | กำลังใช้งาน | ที่นี่ ""นครนายก"" ได้เพิ่มรูปภาพใหม่ 2 ภาพ | 3 ชั่วโมงที่แล้ว | 3 ชั่วโมง |   | · | หน้า มศว องครักษ์ มีคนรื้อกร",อ.องครักษ์/องครักษ์,
"อัลบั้ม อุทกภัย นครนายก 2569 | ตัวบ่งชี้สถานะออนไลน์ | กำลังใช้งาน | ที่นี่ ""นครนายก"" | 7 ชั่วโมงที่แล้ว | 7 ชั่วโมง |   | · | รื้อกระสอบกั้นน้ำ ถนน 305 องครักษ์ เพราะ คิดว่า น้ำท่",อ.องครักษ์/องครักษ์,
"อัลบั้ม อุทกภัย นครนายก 2569 | ตัวบ่งชี้สถานะออนไลน์ | กำลังใช้งาน | ที่นี่ ""นครนายก"" ได้เพิ่มรูปภาพใหม่ | 8 ชั่วโมงที่แล้ว | 8 ชั่วโมง |   | · | สรุปจากเมื่อวานที่ใช้เส้นทาง  | รั",อ.องครักษ์/บึงศาล,
"ตัวบ่งชี้สถานะออนไลน์ | กำลังใช้งาน | ที่นี่ ""นครนายก"" | 16 ชั่วโมงที่แล้ว | 16 ชั่วโมง |   | · | +6 | ตัวบ่งชี้สถานะออนไลน์ | กำลังใช้งาน | แขวงทางหลวงนครนายก กรมทางหลวง | 17 ชั่ว",อ.องครักษ์/องครักษ์,
"อัลบั้ม อุทกภัย นครนายก 2569 | ตัวบ่งชี้สถานะออนไลน์ | กำลังใช้งาน | ที่นี่ ""นครนายก"" ได้เพิ่มรูปภาพใหม่ 5 ภาพ | 22 ชั่วโมงที่แล้ว | 22 ชั่วโมง |   | · | ฝากหน่วยงานที่ดูแลพื้นที่ ",อ.องครักษ์/องครักษ์,
"ตัวบ่งชี้สถานะออนไลน์ | กำลังใช้งาน | ที่นี่ ""นครนายก"" | หนึ่งวันที่แล้ว | 1 วัน |   | · | รบกวนแอดมิน | เนื่องด้วย |  ม.1 ต.บางสมบูรณ์ (คลองชวดงูเห่า) | เป็นอีกหมู่บ้านนึงที่น้ำท่",อ.องครักษ์/องครักษ์,
"ตัวบ่งชี้สถานะออนไลน์ | กำลังใช้งาน | ที่นี่ ""นครนายก"" | หนึ่งวันที่แล้ว | 1 วัน |   | · | ชาวคลอง 16 ต.พระอาจารย์ อ.องครักษ์  | ขอให้ช่วยใเปิประตูระบายน้ำคลอง 16 ตั้งอยู่ที่หมู่ 4",อ.องครักษ์/องครักษ์;อ.องครักษ์/พระอาจารย์,
"อัลบั้ม อุทกภัย นครนายก 2569 | ตัวบ่งชี้สถานะออนไลน์ | กำลังใช้งาน | ที่นี่ ""นครนายก"" ได้เพิ่มรูปภาพใหม่ 8 ภาพ | หนึ่งวันที่แล้ว | 1 วัน |   | · | แอดฝากประชาสัมพันธ์สำหรับของบริจา",อ.องครักษ์/โพธิ์แทน,
