location,n_items,example_caption
ต.องครักษ์/มศว,10,1 ชั่วโมง | แอดคะอยากให้มีฮ.มาบินสำรวจน้ำทั้งอ.องครักษ์คะแต่ละตำบลแต่ละหมู่บ้านเป็นเช่นไร | ตอบกลับ
ตัวเมือง/เทศบาล,4,ขณะนี้มีคิวมาซ่อมอุปกร์ไฟฟ้าจำนวนมาก ที่ศาลากลาง อาจต้องเข้าคิวครับ
อ.บ้านนา (คลองชลประทาน),4,5 ชั่วโมง | ถ้าใครจะลงกรุงเทพฯถ้าเป็นรถกระบะหรือรถเก๋งที่สูงหน่อยก็วิ่งเส้นบ้านนาวิหารแดงแล้วมาทะลุเลียบคลองระ
ถนน 339/ขุนด่าน,3,อัปเดตสถานการณ์ “เขื่อนขุนด่านปราการชล” | วันที่ 4 ต.ค. 69 เวลา 06.00 น.... ดูเพิ่มเติม
อ.ปากพลี,3,1 วัน | หมู่7 ต.ปากพลี อ.ปากพลีค่ะ บ้านหนองบัวขอน ต้องการความช่ายเหลือเป็นอย่างมาก | ตอบกลับ
ต.ศรีจุฬา,2,2 ชั่วโมง | ขอบคุณค่ะที่เห็นใจเพิ่งมีท่านที่เห็นใจเเละสนใจชาวหมู่4 ศรีจุฬา | ตอบกลับ
ต.สาริกา,2,สถานที่ท่องเที่ยวตำบลสาริกา เปิดให้บริการตามปกติแล้ว! ... ดูเพิ่มเติม
โรงพยาบาลศรีนครินทร์,1,ยินดีต้อนรับหมอพิเชษฐ์กลับบ้านครับ | คุณหมอพิเชษฐ์กลับมาดำรงตำแหน่ง ผอ.โรงพยาบาลนครนายก คนปัจจุบัน... ดูเพิ่มเ
ต.พรหมณี,1,ทะเลจิงๆ หมู่ 7 พรหมณี
