amphoe,tambon,area_km2,area_rai
อ.ปากพลี,ต.ท่าเรือ,1.04,650.0
อ.องครักษ์,ต.โพธิ์แทน,0.576,360.0
อ.ปากพลี,ต.ปากพลี,0.481,301.0
อ.องครักษ์,ต.ศรีษะกระบือ,0.294,184.0
อ.องครักษ์,ต.บึงศาล,0.287,179.0
อ.เมืองนครนายก,ต.ดงละคร,0.275,172.0
อ.องครักษ์,ต.บางลูกเสือ,0.259,162.0
อ.องครักษ์,ต.บางปลากด,0.243,152.0
อ.องครักษ์,ต.คลองใหญ่,0.23,143.0
อ.องครักษ์,ต.บางสมบูรณ์,0.23,143.0
อ.องครักษ์,ต.ทรายมูล,0.228,142.0
อ.ปากพลี,ต.เกาะโพธิ์,0.215,135.0
อ.บ้านนา,ต.ทองหลาง,0.211,132.0
อ.องครักษ์,ต.พระอาจารย์,0.186,117.0
อ.บ้านนา,ต.บางอ้อ,0.155,97.0
อ.องครักษ์,ต.ชุมพล,0.141,88.0
อ.เมืองนครนายก,ต.พรหมณี,0.12,75.0
อ.บ้านนา,ต.อาษา,0.066,41.0
อ.บ้านนา,ต.บ้านพร้าว,0.062,39.0
อ.เมืองนครนายก,ต.ท่าช้าง,0.06,37.0
อ.เมืองนครนายก,ต.ดอนยอ,0.053,33.0
อ.เมืองนครนายก,ต.ท่าทราย,0.053,33.0
อ.เมืองนครนายก,ต.ศรีจุฬา,0.033,21.0
อ.ปากพลี,ต.เกาะหวาย,0.031,20.0
อ.บ้านนา,ต.บ้านพริก,0.024,15.0
อ.เมืองนครนายก,ต.วังกระโจม,0.017,11.0
อ.องครักษ์,ต.องครักษ์,0.013,8.0
