pass,amphoe,tambon,flood_rai,flood_km2
rd2_20260924_1815,อ.เมืองนครนายก,ต.ท่าช้าง,146.4,0.2342
rd2_20260924_1815,อ.เมืองนครนายก,ต.ท่าทราย,278.1,0.445
rd2_20260924_1815,อ.เมืองนครนายก,ต.ดอนยอ,457.7,0.7323
rd2_20260924_1815,อ.เมืองนครนายก,ต.ศรีจุฬา,617.1,0.9873
rd2_20260924_1815,อ.เมืองนครนายก,ต.พรหมณี,948.2,1.5171
rd2_20260924_1815,อ.ปากพลี,ต.ปากพลี,176.4,0.2822
rd2_20260924_1815,อ.ปากพลี,ต.ท่าเรือ,49.0,0.0784
rd2_20260924_1815,อ.บ้านนา,ต.บ้านพร้าว,138.2,0.221
rd2_20260924_1815,อ.บ้านนา,ต.ทองหลาง,1823.9,2.9183
rd2_20260924_1815,อ.บ้านนา,ต.บางอ้อ,2330.0,3.728
rd2_20260924_1815,อ.องครักษ์,ต.บางปลากด,428.2,0.6852
S1D_20260927_0601,อ.เมืองนครนายก,ต.บ้านใหญ่,550.0,0.88
S1D_20260927_0601,อ.เมืองนครนายก,ต.ศรีนาวา,383.8,0.6141
S1D_20260927_0601,อ.เมืองนครนายก,ต.สาริกา,1602.3,2.5637
S1D_20260927_0601,อ.เมืองนครนายก,ต.หินตั้ง,77.1,0.1233
S1D_20260927_0601,อ.เมืองนครนายก,ต.เขาพระ,202.8,0.3244
S1D_20260927_0601,อ.ปากพลี,ต.เกาะหวาย,129.6,0.2073
S1D_20260927_0601,อ.ปากพลี,ต.เกาะโพธิ์,88.8,0.142
S1D_20260927_0601,อ.ปากพลี,ต.ปากพลี,504.7,0.8076
S1D_20260927_0601,อ.ปากพลี,ต.โคกกรวด,358.2,0.5731
S1D_20260927_0601,อ.ปากพลี,ต.ท่าเรือ,1129.2,1.8068
S1D_20260927_0601,อ.ปากพลี,ต.หนองแสง,125.8,0.2013
S1D_20260927_0601,อ.ปากพลี,ต.นาหินลาด,63.2,0.1011
S1D_20261002_0609,อ.เมืองนครนายก,ต.ท่าช้าง,1468.5,2.3495
S1D_20261002_0609,อ.เมืองนครนายก,ต.วังกระโจม,639.7,1.0235
S1D_20261002_0609,อ.เมืองนครนายก,ต.ท่าทราย,3274.0,5.2383
S1D_20261002_0609,อ.เมืองนครนายก,ต.ดอนยอ,2941.0,4.7056
S1D_20261002_0609,อ.เมืองนครนายก,ต.ศรีจุฬา,3644.0,5.8304
S1D_20261002_0609,อ.เมืองนครนายก,ต.ดงละคร,5733.5,9.1737
S1D_20261002_0609,อ.เมืองนครนายก,ต.สาริกา,340.1,0.5442
S1D_20261002_0609,อ.เมืองนครนายก,ต.เขาพระ,54.2,0.0867
S1D_20261002_0609,อ.เมืองนครนายก,ต.พรหมณี,3919.3,6.2709
S1D_20261002_0609,อ.ปากพลี,ต.เกาะหวาย,1164.1,1.8625
S1D_20261002_0609,อ.ปากพลี,ต.เกาะโพธิ์,6835.4,10.9367
S1D_20261002_0609,อ.ปากพลี,ต.ปากพลี,11738.6,18.7818
S1D_20261002_0609,อ.ปากพลี,ต.ท่าเรือ,27754.0,44.4064
S1D_20261002_0609,อ.บ้านนา,ต.บ้านพร้าว,2907.6,4.6522
S1D_20261002_0609,อ.บ้านนา,ต.บ้านพริก,2893.9,4.6303
S1D_20261002_0609,อ.บ้านนา,ต.อาษา,863.9,1.3822
S1D_20261002_0609,อ.บ้านนา,ต.ทองหลาง,10903.1,17.445
S1D_20261002_0609,อ.บ้านนา,ต.บางอ้อ,10766.2,17.2259
S1D_20261002_0609,อ.บ้านนา,ต.พิกุลออก,755.1,1.2081
S1D_20261002_0609,อ.องครักษ์,ต.พระอาจารย์,8122.6,12.9962
S1D_20261002_0609,อ.องครักษ์,ต.บึงศาล,9575.6,15.3209
S1D_20261002_0609,อ.องครักษ์,ต.ศรีษะกระบือ,17929.2,28.6867
S1D_20261002_0609,อ.องครักษ์,ต.โพธิ์แทน,9110.0,14.5761
S1D_20261002_0609,อ.องครักษ์,ต.บางสมบูรณ์,12608.7,20.1739
S1D_20261002_0609,อ.องครักษ์,ต.ทรายมูล,3995.1,6.3921
S1D_20261002_0609,อ.องครักษ์,ต.บางปลากด,11851.5,18.9624
S1D_20261002_0609,อ.องครักษ์,ต.บางลูกเสือ,6933.8,11.094
S1D_20261002_0609,อ.องครักษ์,ต.องครักษ์,2948.4,4.7175
S1D_20261002_0609,อ.องครักษ์,ต.ชุมพล,5778.8,9.2461
S1D_20261002_0609,อ.องครักษ์,ต.คลองใหญ่,4377.4,7.0038
