village_name,lon,lat,in_mueang_bbox,elev_m
คลอง 14,100.91672727,13.98202861,N,6.4
ใต้แอนคลองสิบสี่,100.91689073,13.99722118,N,2.8
ล่าง,100.91916147,14.13340283,N,3.5
หนองดอกโสน,100.92078131,14.18160464,N,3.6
ปากคลองสิบห้าหกวา,100.92191029,13.96996743,N,2.7
คลอง 14,100.9225178,14.18787238,N,3.4
หัวหมอนคลองสิบสี่,100.92701652,14.07488513,N,3.3
ทำนบ,100.93269422,14.01510903,N,2.7
กิดดารี,100.93376603,14.03711945,N,3.1
ปากคลองสิบสี่,100.93593771,14.08783292,N,3.0
ปากคลองสิบห้า,100.93657794,13.97017402,N,2.8
ลาดสะเอ็ด,100.93736918,14.20083244,N,3.4
ดอนกลาง,100.94308851,14.03848576,N,3.1
บางปลากด,100.94411665,14.18331587,N,3.7
วัดราษฎร์ศรัทธาธรรม,100.94689224,13.99227433,N,2.4
ปากคลองสามสิบเอ็ด,100.94740645,14.19225307,N,3.5
ใต้ทดคลองสิบหก,100.94834315,13.97256889,N,3.1
องค์พาต,100.95139759,14.22838902,N,2.7
วัดราษฎร์ศรัทธาธรรม,100.95584157,14.01814198,N,2.5
ปากบึงศาล,100.9566232,14.04359097,N,3.2
เหนือแอน,100.95703348,14.03422047,N,2.5
คูวัดแก,100.95745565,14.26780868,N,3.5
เหนือทด,100.96142292,13.98384667,N,2.0
ปากคลองสิบหก,100.9614725,13.97485743,N,2.8
คลองสิบห้าเล่,100.96273308,14.11036275,N,3.3
คลอง 31,100.96523422,14.19742155,N,4.0
หัวหมอน,100.9662636,14.07426855,N,2.6
ช่องตะเคียน,100.96808315,14.04327619,N,3.0
คลองหมาหลง,100.97075796,14.14438487,N,3.6
ปากคลองยี่สิบสอง,100.97216234,13.99465664,N,2.7
หนองโสน,100.97400034,14.13526424,N,3.4
กลางคลองสามสิบ,100.97607055,14.18300401,N,3.2
ฉางฟาง,100.97693928,14.10517988,N,3.5
ลำหัก,100.97745976,14.11982042,N,2.4
ปากบึง,100.98006289,14.0260369,N,2.8
ศีรษะกระบือ,100.98270775,14.07824772,N,3.8
มหาวงษ์,100.98491196,14.21354578,N,2.5
ญวณ,100.98825052,14.11959402,N,4.6
บึงท่าราบ,100.98901525,14.03337441,N,2.8
เกาะล่าง,100.98953257,14.12657666,N,4.1
ชายลำ,100.98954036,14.28179032,N,4.0
อุโมงค์,100.99079288,14.15458364,N,3.4
คลอง 24,100.99128437,14.06356803,N,3.3
คลอง 32,100.9961893,14.24488886,N,3.6
บึงกล่ำ,100.99626878,14.00705722,N,2.9
คลอง 31,100.99627583,14.218693,N,3.5
ปากคลองเจ๊ก,100.99691714,14.09815482,N,3.2
ประตูอุโมงค์,100.99714018,14.14492421,N,4.0
อ้อมช้าง,100.99802579,14.10506735,N,3.1
ปากคลองสิบเจ็ด,101.0020209,13.97632269,N,3.0
คลองอ้อม,101.00629356,14.1341106,N,4.5
หนองทราย,101.00851332,14.16815455,N,3.5
บึงหลุมบัว,101.00913163,13.99720352,N,2.7
หนองคันจาม,101.00967353,14.25325461,N,5.0
หนองคันจาม,101.01028993,14.27498685,N,5.0
บางอ้อ,101.01168373,14.15935526,N,3.7
วังบัว,101.01507349,14.24111918,N,7.1
บางเกาะ,101.01680904,14.13639369,N,3.2
หนองอ้ายตูม,101.01696317,14.26412168,N,5.8
หนองเปิ๊ป,101.01704269,14.28688736,N,6.9
ปากลาด,101.01727142,14.27235026,N,6.2
คลอง 29,101.01730774,14.16318522,N,3.4
คลองยาง,101.01776409,14.3127369,N,11.0
คลอง 30,101.01809385,14.20058253,N,3.2
ใหม่,101.01869427,14.30609453,N,10.5
คูคตคลองยี่สิบสอง,101.01902061,13.99774034,N,2.7
หัวนาข้าวเหนียว,101.01945917,14.26894177,N,6.3
บางอีพ้น,101.02066882,14.13930682,N,3.3
หนองน้ำโก้,101.02168812,14.29592734,N,14.7
คูคตคลอง 22,101.02324649,14.00664742,N,3.1
คลอง 24 ฝั่งใต้,101.02341934,14.05595534,N,3.4
หนองรี,101.02504241,14.28212728,N,7.9
คลองหนองขุมฝั่งใต้,101.02508737,14.0852212,N,3.0
ทรายมูล,101.02561954,14.10769675,N,3.7
แหลมไม้ย้อย,101.02578936,14.24590797,N,4.6
บางขยอ,101.02644449,14.1522747,N,2.0
โคกประเสริฐ,101.02823844,14.23220035,N,3.9
บางกระจิก,101.02921858,14.07343446,N,3.1
สี่แยกวัดหนองคันจาม,101.03295865,14.28735401,N,11.9
บ่อน้ำหลวง,101.03499754,14.29487381,N,10.4
หนองมะกอก,101.0357792,14.26251691,N,7.1
คลอง 29,101.0360795,14.18783155,N,3.5
หนองมะกอก,101.03617126,14.24779299,N,10.5
ป่ายาง,101.0369668,14.27944998,N,10.1
คลองผักหนาม,101.03795502,14.29101673,N,11.6
คลองศาลเจ้า,101.03820649,14.13516759,N,3.1
ตลาดบ้านพริก,101.03835641,14.31315517,N,13.6
บึงไผ่,101.03870729,13.9799351,N,2.8
คลอง 1,101.0403336,14.11494973,N,3.0
เกาะไม้ลาย,101.04446554,14.24083397,N,6.0
คลองสะพานเสือ,101.04568516,14.3041802,N,12.6
คลองวัว,101.04623605,14.23128929,N,4.9
หนองแฝกกระต่าย,101.04629235,14.28177068,N,11.5
เกาะขมิ้น,101.048375,14.31708931,N,13.1
มาบกระทุ่ม,101.04973653,14.24563778,N,6.9
ต้นกระบก,101.05191183,14.27587721,N,9.7
ทรายมูล,101.05390549,14.15883709,N,3.6
คลองกระโดน,101.05425963,14.28596399,N,9.5
หัวถนน,101.05470023,14.20049132,N,3.7
โคกสว่าง,101.05473305,14.32685799,N,14.5
บางลูกเสือ,101.05509382,14.02480661,N,2.3
ไผ่ขวาง,101.05596981,14.24093689,N,6.3
ดงขี้ผุก,101.0563581,14.29977712,N,20.3
ตะลุง,101.05694977,14.24542437,N,7.2
ปากคลองบางนางเล็ก,101.05765805,14.09182501,N,2.7
คลอง 29,101.05850589,14.19324626,N,3.2
พิกุลแก้ว,101.05953147,14.25440542,N,8.1
เทพโลก,101.0603764,14.06965423,N,2.1
ท่ามะเฟือง,101.06485114,14.27945062,N,14.1
กร่างประตูวัง,101.06718913,14.30768755,N,14.6
ป่าเตย,101.0677975,14.24848788,N,8.0
ท่าทราย,101.06893875,14.2257541,N,7.4
ท่าตะโพธิ์,101.07358019,14.33575993,N,18.1
บางนางเล็ก,101.07374409,14.10096361,N,3.7
อาษา,101.07433256,14.23072664,N,6.6
บางปรัง,101.07523669,14.08627506,N,4.8
คลอง 2,101.07582196,14.09663157,N,3.2
บางชะนวน,101.07809091,14.02760724,N,2.6
เขาล้อม,101.07898102,14.37620588,N,25.9
ปากบึงพระอาจารย์,101.07959657,13.98147874,N,2.2
คลองสีเสียด,101.08023669,14.35987367,Y,21.3
คลอง 22,101.08304195,14.00801323,N,3.1
เขาสามหลั่น,101.08318847,14.38483533,N,42.5
โคกประเสริฐ,101.08333171,14.27740242,Y,17.1
คลอง 3,101.08469145,14.13308855,N,3.3
คลองหกวาบึงตาหอม,101.08501423,13.97788949,N,3.2
คลองนางหงส์,101.08534634,14.28576219,Y,11.1
คลอง 3,101.08707716,14.11841916,N,4.0
คลองห้วยถ่าน,101.08765661,14.32600963,Y,27.6
หนองยาง,101.08769378,14.28087749,Y,10.6
หนองปลิง,101.0889593,14.26972556,Y,9.0
ทุ่งกระโปร่ง,101.08905112,14.31478601,Y,19.1
เนินสะอาด,101.09317379,14.35735504,Y,15.3
บางควายลุย,101.09435428,14.19061175,Y,3.5
ทางกระบือ,101.09719414,14.23047378,Y,4.9
โปร่งเกลอ,101.09771971,14.30673833,Y,14.1
ดอนโพธิ์,101.09773825,14.26317213,Y,7.9
มาบช้าง,101.09822893,14.270291,Y,8.4
คลอง 3,101.09831878,14.10519078,N,6.0
เกาะกระพี้,101.0985538,14.23403064,Y,5.4
ดอนเปร็ง,101.09875054,14.24076742,Y,5.6
หนองบัว,101.09936206,14.21745631,Y,5.9
ดอน,101.10010619,14.29883334,Y,12.9
วังน้ำ,101.10072396,14.27569281,Y,13.1
ปากคลองพระอาจารย์,101.10077284,14.01520978,N,3.2
หนองแฟป,101.10212538,14.27974108,Y,9.9
น้ำซับ,101.10261561,14.33986492,Y,26.8
ปากคลองบางเม่า,101.10278385,14.0459696,N,3.8
คลองสะท้อน,101.10319834,14.35271966,Y,25.0
ชวดบัว,101.10721373,14.14322258,N,3.5
เกาะพิกุล,101.10735484,14.28894053,Y,14.2
วังไทร,101.10747891,14.25972414,Y,6.2
เขาดิน,101.10783167,14.32532104,Y,156.6
รังไม้เต็ง,101.10820407,14.34647351,Y,23.3
บางคา,101.10855814,14.07699615,N,4.4
ดอนกระทุ่ม,101.10965092,14.08714438,N,2.8
ประตูน้ำบางเม่า,101.11070613,14.06169913,N,4.7
พร้าว,101.11177005,14.23606105,Y,5.6
ละว้า,101.1129501,14.33533699,Y,28.3
เกาะทองหลาง,101.11303992,14.27557754,Y,9.4
คลอง 3,101.11566011,14.09531986,N,3.4
คลอง 22,101.11598727,14.00922017,N,2.9
เอกอนงค์,101.11665471,14.02283624,N,3.6
ห้วยสงคราม,101.11762917,14.37348044,N,29.7
โรงหิน,101.11807843,14.20328078,Y,3.5
บึงน้ำหัก,101.11824977,14.1236419,N,3.4
เขาส่องกล้อง,101.1190999,14.38407524,N,37.8
วังต้น,101.11944917,14.24000477,Y,4.5
หุบอีแจน,101.12005092,14.32993789,Y,90.9
หนองบัว,101.120118,14.10848891,N,3.6
คลองใหม่,101.12087384,14.21386095,Y,3.5
ท่าขอม,101.12129344,14.07688066,N,2.5
เขาหัวนา,101.12235737,14.34110521,Y,39.3
เตยน้อย,101.12356229,14.03710844,N,2.5
ประตูน้ำบางสมบูรณ์,101.1246006,13.97541365,N,2.8
เตยใหญ่,101.12536381,14.01475914,N,2.5
กระอาง,101.12637663,14.34898065,Y,119.5
หนองรีใหม่,101.12699175,14.27613471,Y,12.0
คลองขุด,101.12709232,13.9981884,N,2.8
คลองเตยใหญ่,101.12777052,14.04162994,N,3.5
สวนบ้านกลาง,101.13121458,14.37025295,N,40.8
หนองรี,101.13149857,14.25762105,Y,8.8
กระเหรี่ยง,101.13215292,14.37482226,N,45.6
ท่าศาลา,101.13499613,14.19881585,Y,3.6
บางตะคง,101.13630711,14.16198733,Y,3.2
บางปรัง,101.13697613,14.07652289,N,2.5
เขาคอก,101.13758566,14.28111134,Y,18.3
บางไพร,101.13901482,14.22643268,Y,4.1
หนองเตย,101.13948082,14.23762074,Y,5.1
วังปลาจีด,101.14165006,14.27808685,Y,16.5
เกาะสำโรง,101.14166843,14.25750999,Y,7.1
คลอง 2,101.14576291,14.01679241,N,2.5
หันตะเภา,101.14591438,14.00537342,N,2.0
หัวสวน,101.1476462,14.18738321,Y,3.9
ท้ายทอง,101.15160954,14.23384015,Y,7.8
หนองยาง,101.15426337,14.25732205,Y,7.7
ท่าช้าง,101.15502578,14.19398808,Y,3.8
เข็มทอง,101.1552,14.00687157,N,3.1
ชวดปลาดุก,101.15891336,14.01771138,N,4.4
เทพประทาน,101.16027322,14.26477416,Y,11.9
หนองเสือ,101.16314414,14.24840886,Y,8.0
ผลทวี,101.16346513,14.23136913,Y,7.3
เอี่ยมประดิษฐ์,101.16370493,14.23951467,Y,6.4
คลองใหม่,101.16525339,14.21387548,Y,3.9
ไผ่ล้อม,101.16537415,14.25994669,Y,10.2
บางปรังใต้,101.16568979,14.07166746,N,3.2
ต้นกระบก,101.16885917,14.26774358,Y,12.0
ลำชวดโค้ง,101.17131422,14.17664113,Y,4.1
หนองสะแก,101.1715434,14.22498214,Y,5.0
คลองสะท้อน,101.17387029,14.27164002,Y,13.7
หนองหมู,101.17422564,14.1711788,Y,3.6
ใต้วัด,101.17548065,14.14146689,N,3.2
คลองเรือ,101.17646296,14.25789826,Y,11.3
ท่าข้าม,101.17710635,14.19759257,Y,6.1
ปากท่อบางปรัง,101.17751675,14.07483845,N,3.1
คูคด,101.18067119,14.08407366,N,3.0
ศรีจุฬา,101.18075156,14.09983071,N,3.4
เขาน้อย,101.18251896,14.26146402,Y,11.0
หนองกะพ้อ,101.18338183,14.15882883,Y,14.9
หน้ากระดาน,101.18562099,14.13074762,N,3.1
เจดีย์ทอง,101.18763874,14.20117883,Y,4.3
ตอไม้แดง,101.18922763,14.24225778,Y,9.5
คลอง 5,101.18931884,14.07223299,N,3.0
บางหอย,101.19117547,14.02731706,N,2.5
ท่าประดิษฐ์,101.19146854,14.07604597,N,3.2
เกาะโพธิ์,101.19147047,14.21708938,Y,6.0
หนองหญ้าเหี่ยว,101.19175621,14.17654738,Y,6.3
ปลวกแดง,101.19199687,14.01850825,N,2.8
เขาน้อย,101.19265905,14.28061839,Y,234.6
หนองแสนตอ,101.19298267,14.22633813,Y,6.1
ลำอ้ายเติ้ง,101.19344143,14.10621076,N,2.9
คลองยาง,101.19365105,14.25306988,Y,7.5
เขามะค่าทอง,101.19538493,14.34339201,Y,195.4
หนองทองทราย,101.19603786,14.15286495,Y,3.9
ปากเหมือง,101.19625683,14.18821317,Y,5.4
กำแพงเศียร,101.1970755,14.06272205,N,3.1
ท่าอิฐ,101.20235604,14.13594955,N,3.8
ท่าแห,101.20583423,14.10801043,N,3.1
วังรี,101.2067905,14.34049658,Y,101.1
ตะเคียนงาม,101.21010086,14.29133067,Y,20.9
เนินตาล,101.21027595,14.18752888,Y,5.7
ทุ่งแค,101.21030768,14.24203855,Y,6.9
เขาลำดวน,101.21037583,14.32330081,Y,113.5
ไผ่ล้อม,101.21070302,14.07600719,N,4.1
หุบลึก,101.21349462,14.28010341,Y,38.2
วังตูม,101.2148761,14.23880749,Y,8.9
คลองห้วยทราย,101.21897863,14.27315741,Y,81.4
หนองบัว,101.22021778,14.17043508,Y,4.8
แขมโค้ง,101.22175669,14.08133672,N,3.1
ใหม่,101.2234017,14.22212375,Y,8.4
ดอนเจริญ,101.2242296,14.17381434,Y,4.0
ปากช่อง,101.22501929,14.29599501,Y,21.0
วังไทร,101.22734417,14.23836489,Y,8.5
คลองกุ่ม,101.22850365,14.28610584,Y,16.4
หนองปรือ,101.23060641,14.2821014,Y,15.5
ดอนบก,101.23185456,14.227797,Y,7.1
หนองปราจีน,101.23446923,14.1944358,Y,6.2
คลองกระทุ่ม,101.23611702,14.17882543,Y,4.6
กุดตะเคียน,101.23628834,14.26982385,Y,13.4
สะแกซึง,101.23835358,14.14047006,N,3.8
เขาทุเรียน,101.23920892,14.25676124,Y,14.0
บุหย่อง,101.23984735,14.24305864,Y,8.1
วังกระโจม,101.24061748,14.18827451,Y,7.9
ทุ่งกระเบา,101.24114331,14.22398335,Y,7.6
ดงข่า,101.2428261,14.17147664,Y,4.5
โนนบก,101.24288451,14.27092057,Y,16.5
ท่าข่อย,101.24456996,14.22066584,Y,10.7
เกาะหวาย,101.24525966,14.1749803,Y,4.4
พราหมณี,101.24677661,14.2259435,Y,8.2
กลาง,101.25025004,14.25426857,Y,10.2
เขาแดง,101.25252447,14.26071696,Y,11.9
คลองปอ,101.2555381,14.22362313,Y,8.2
เขาหล่น,101.25599731,14.2755635,Y,74.4
พราหมมณี,101.25875284,14.23143502,Y,9.6
เกาะทอง,101.25886214,14.21669879,Y,8.7
โพธิ์งาม,101.26078725,14.24375796,Y,8.7
วังดอกไม้,101.26197877,14.2402237,Y,8.5
คลองตะเคียน,101.26249647,14.18580552,Y,6.7
บุ่ง,101.26337647,14.22317762,Y,9.5
กุดรังนอก,101.26421711,14.26918408,Y,11.7
สี่แยก,101.26449506,14.25752922,Y,10.7
เขาดิน,101.26463075,14.2543716,Y,11.2
ลำอ้ายงอน,101.26593855,14.06837786,N,3.3
ดอนแพง,101.26659332,14.21129647,Y,8.6
ใหม่,101.26804127,14.17151282,Y,5.8
ใหม่,101.26903356,14.2413093,Y,9.0
วังดอกไม้,101.26930373,14.22905967,Y,6.5
ยอยไฮ,101.27135094,14.17715179,Y,5.7
เขามดดำ,101.27156337,14.30592596,Y,89.4
กุดรังใน,101.27236909,14.25619383,Y,12.5
หินดาด,101.27422367,14.27328951,Y,15.7
น้อย,101.27469947,14.18415987,Y,6.0
นอก,101.27501735,14.12344318,N,4.7
ท่าซุง,101.27551164,14.22391252,Y,8.3
สบกเขียว,101.27646946,14.19698406,Y,6.9
โคกกระโดน,101.27681872,14.13430178,N,5.0
คลองมะเดื่อ,101.27710827,14.33697615,Y,349.1
ท่าแดง,101.27951444,14.16143133,Y,6.0
ปากช้าง,101.28020189,14.32626583,Y,70.8
โคกกระชาย,101.28027157,14.20302916,Y,8.4
คีรีวัน,101.28204125,14.24746697,Y,55.2
คลองขุนแก้ว,101.28325614,14.23283624,Y,8.5
หนองหัวเสือ,101.28374517,14.18556444,Y,5.8
เกาะเรียง,101.28389712,14.20935243,Y,7.0
ท่าเดื่อ,101.28401655,14.23846049,Y,9.7
คลองสีเสียด,101.28513851,14.2597113,Y,24.6
วังยาว,101.2861668,14.27667146,Y,15.1
เบญจภาส,101.29131046,14.16130142,Y,7.1
ท่าชัย,101.29135299,14.28656661,Y,18.9
โคกกรวด,101.29228919,14.22526521,Y,19.1
เขากะเหรี่ยง,101.29235805,14.24244821,Y,17.7
หนองแสง,101.29310247,14.21635741,Y,11.5
ดงแขวน,101.29352004,14.17078052,Y,8.7
หัวเขาแก้ว,101.2938556,14.32616088,Y,41.1
ดง,101.29389542,14.31862135,Y,37.7
สาธาร,101.29394679,14.10305576,N,3.8
คลองคล้า,101.29412907,14.19488061,Y,8.0
สวนหงษ์,101.29429747,14.30064893,Y,30.8
หนองสองห้อง,101.29452728,14.1858211,Y,11.0
สามแยก,101.29542649,14.17642693,Y,9.0
กุดตะภา,101.29698321,14.29393648,Y,19.0
วังเดือนห้า,101.29839311,14.23770951,Y,14.2
โคกกระชาย,101.29971358,14.20582296,Y,11.3
เนิน,101.2998387,14.18334436,Y,16.6
ขุมข้าว,101.30014208,14.19823944,Y,8.3
น้อย,101.30209183,14.21615125,Y,9.1
วังยายฉิม,101.30242287,14.2779826,Y,20.9
บุ่งเข้,101.30515222,14.2471909,Y,21.1
ปากท่อ,101.30540553,14.11308132,N,4.1
เกาะลอย,101.30544507,14.16638988,Y,9.2
จิกสูง,101.30593789,14.10488513,N,3.9
ท่าชัย,101.30622932,14.29143449,Y,20.2
กลาง,101.3072128,14.18607906,Y,9.3
หนองหูลิงใน,101.30738332,14.19629747,Y,11.2
ดง,101.30764573,14.31145718,Y,28.2
หัวหนอง,101.30790612,14.18922853,Y,9.2
ดอนยายแมะ,101.308104,14.22157098,Y,12.2
สันป่าตั้ง,101.3091562,14.2247678,Y,15.9
ท่าด่าน,101.30949545,14.30100922,Y,24.2
พรหมเพชร,101.30969575,14.1819927,Y,12.5
หนองโปร่ง,101.31027247,14.28235601,Y,18.7
คลองบ่อ,101.31136353,14.29342203,Y,66.6
เลาคา,101.31199197,14.1762597,Y,10.5
หนองหูลิงนอก,101.3173875,14.19455155,Y,10.0
นางรอง,101.31792039,14.32263027,Y,33.7
เขาโคกกะบก,101.31838011,14.28765439,Y,84.5
เหล่าหุ่ง,101.32291836,14.1909909,Y,10.2
ม่วง,101.3230642,14.18661652,Y,11.0
เหล่าเดิ่น,101.32336952,14.20486288,Y,15.4
เนินสะทอน,101.32445943,14.17871924,Y,13.5
เหล่าหุ่ง,101.33148853,14.18792253,Y,18.9
วังม่วง,101.34975196,14.22883651,Y,31.5
ซำ,101.35236575,14.21767539,Y,22.5
ท่ามะปราง,101.35285208,14.22063552,Y,22.9
เนินเหล่าสูง,101.35392934,14.20361785,Y,16.1
เนินต้นไทร,101.35516617,14.23249475,Y,39.6
เนินต้นโพธิ์,101.35633152,14.21262337,Y,19.0
เนินบก,101.35945448,14.20617917,Y,17.1
โคกสว่าง,101.36523877,14.21145651,Y,17.6
ซำเมย,101.36599155,14.23709463,Y,109.7
บุ่งหอย,101.36693587,14.21461636,Y,25.8
น้อย,101.36812668,14.22460046,Y,30.1
หัวนา,101.37828645,14.21487766,Y,23.7
เนินจาน,101.38039964,14.23221072,Y,69.2
เนินสูง,101.38141778,14.21883603,Y,26.8
วังบอน,101.38211972,14.22641723,Y,34.6
เขาเพิ่ม,101.096,14.362,Y,25.1
ทองหลาง,101.037,14.207,N,3.7
บ้านพร้าว,101.101,14.222,Y,6.1
บ้านพริก,100.976,14.252,N,5.5
ป่าขะ,101.065,14.297,N,13.7
พิกุลออก,101.027,14.244,N,4.6
อาษา,101.009,14.226,N,3.2
เกาะโพธิ์,101.231,14.156,Y,4.4
เกาะหวาย,101.271,14.175,Y,5.4
โคกกรวด,101.306,14.18,Y,13.2
ท่าเรือ,101.235,14.085,N,2.7
นาหินลาด,101.457,14.317,N,424.5
ปากพลี,101.263,14.132,N,4.3
เขาพระ,101.212,14.301,Y,21.9
ดอนยอ,101.109,14.128,N,3.4
ท่าช้าง,101.176,14.192,Y,7.2
ท่าทราย,101.111,14.174,Y,3.6
พรหมณี,101.164,14.264,Y,10.7
วังกระโจม,101.212,14.176,Y,4.0
ศรีจุฬา,101.132,14.072,N,3.3
ศรีนาวา,101.267,14.209,Y,10.3
สาริกา,101.261,14.359,Y,359.5
หินตั้ง,101.352,14.408,N,741.5
คลองใหญ่,100.98,14.127,N,3.3
ทรายมูล,101.069,14.123,N,11.2
บางปลากด,100.971,14.166,N,3.4
บางลูกเสือ,101.066,14.054,N,6.3
บางสมบูรณ์,101.112,14.021,N,3.5
พระอาจารย์,101.02,13.986,N,3.1
โพธิ์แทน,100.949,14.208,N,5.1
ศรีษะกระบือ,100.986,14.043,N,4.0
องครักษ์,101.005,14.107,N,3.0
ปากพลี,101.271889,14.161943,Y,6.6
องครักษ์,101.007675,14.119474,N,3.4
