date,48417_นครนายก,MOU114_เขาใหญ่,MOU469_เหวนรก,ONWR02_คลองมะเดื่อ,STN0548_ททอุทยานเขาใหญ่,STN0553_นางรอง,STN1580_บ้านเขาหัวนา,STN1584_ท่ามะปราง,STN1593_บ้านวังรี,BHUN_นาหินลาด,BSCL_ศรีจุฬา,WRRS_ศรีกะอาง
2026-01-01,,0.4,,,,,,,,0,0,0
2026-01-02,,0.2,0,,,,,,,0,0,0
2026-01-06,,0.2,,,0,0,,0,0,0,0,0
2026-01-07,,0.2,,,0,0,,0,0,0,0,0
2026-01-08,0,0,,,0,0,0,0,0,0,0,0
2026-01-09,,0,,,0,0,0,0,0,0,,0
2026-01-10,,0,,,0,0,0,0,0,0,,0
2026-01-11,,0,,,0,0,0,0,0,0,,0
2026-01-12,,0,,0,0,0,,0,0,0,0,0
2026-01-13,,0.2,,0,0,0,,0,0,0,,0
2026-01-14,,0.4,,0,0,0,,0,0,0,,0
2026-01-15,,0.4,,0,0,0,,0,0,0,,0.4
2026-01-16,,0.2,,,0,0,0,0,0,0,0,0.4
2026-01-17,,0.2,,,0,,0,0,0,0,0,0.4
2026-01-18,,0.2,,,0,,0,0,0,0,0,0
2026-01-19,,0.4,,,0,,0,0,0,0,0,0
2026-01-20,,0.2,,,0,,0,0,0,0,0,0
2026-01-21,,0.4,,,0,,0,,0,0.4,0,0.4
2026-01-22,,0.2,,,0,,0,,0,0.4,0,0.4
2026-01-23,,0.2,,,0,,0,,0,0.4,0,0.4
2026-01-24,,0,,,0,0,0,0,0,0,0,0
2026-01-25,,0,,,0,0,0,0,0,0,0,0
2026-01-26,,0,,0,0,0,0,0,0,0,,0
2026-01-27,,0,,0,0,0,0,0,0,0,,1.6
2026-01-28,,0,,0,0,0,0,0,0,0,,1.6
2026-01-29,,0,,,0,0,0,0,0,0,0,1.6
2026-01-30,,0,,,0,0,0,0,0,0,0,0.2
2026-01-31,,0,,,0,0,0,,0,0,0,0.2
2026-02-01,,0,0,,0,0,0,,0,0,0,0.2
2026-02-02,,0,0,,0,0,0,,0,0,0,0
2026-02-03,,0,,,0,0,0,0,0,0,0,0.2
2026-02-04,,0,,,0,0,0,0,0,0,0,0.2
2026-02-05,,0,,,0,0,0,0,0,0,0,0.2
2026-02-06,,0,0,,0,0,0,0,0,0,0,0.4
2026-02-07,,0.2,0,,0,0,10.5,0,0,0,0,0.4
2026-02-08,,0.2,0,,0,0,10.5,0,0,0,0,0.4
2026-02-09,,17.6,0,,10,0,10.5,5.5,33,0.4,0,14
2026-02-10,,17.4,0,,10,0,0,5.5,33,0.4,,14
2026-02-11,,17.4,0,,,,,,,0.4,,14
2026-02-12,,0,0,,,,,,,0,,0
2026-02-13,,0,0,,,,,,,0,0,0
2026-02-14,,0.2,,,0,0,0,,0,0,0,0
2026-02-15,,0.2,,,0,0,0,,0,0,0,0
2026-02-16,,0.4,,,0,0,0,,0,0,0,0
2026-02-17,,0.2,0,,0,0,0,0,0,0,0,0
2026-02-18,,1.4,,,1,18.5,13,6,3.5,0,0,7.8
2026-02-19,,1.4,,,1,18.5,13,6,3.5,0,0,7.8
2026-02-20,,1.4,,,1,18.5,13,6,3.5,0,0.2,7.8
2026-02-21,,0.2,,,0,0,0,0,0,0,0.2,0
2026-02-22,,0,,0,0,0,0,0,0,0,0.2,0
2026-02-23,,0,0,,0,0,0,0,0,0,0,0
2026-02-24,,0,,,0,0,0,0,0,0,0,0
2026-02-25,,10,,,5,10.5,2,0,20.5,0,1,0
2026-02-26,,10.2,,0,5,10.5,2,0,20.5,0,2.4,0
2026-02-27,,10.2,0,0,5,10.5,2.5,0,21,0,2.6,1.2
2026-02-28,,0.2,,,0,0,0.5,0,0.5,0,1.6,1.2
2026-03-01,,0,,,0,0,0.5,0,0.5,0,2.8,1.2
2026-03-02,,0,,,0,0,0,0,0,0,2.6,0
2026-03-03,,0,0,0,0,0,0,0,0,0,2.6,0
2026-03-04,,0,,,0,0,0,0,0,0,0,0
2026-03-05,,0,,,0,0,0,0,0,0,0,0.2
2026-03-06,,0,,,0,0,0,0,0,0,0,0.2
2026-03-07,,3.8,0,0,2,0,1.5,0,0,0,0,0.2
2026-03-08,,3.8,0,0,2,0,1.5,0,0,0,21,0
2026-03-09,,3.8,0,0,2,0,1.5,0,0,0,21,0
2026-03-10,,0,,,0,0,0,0,0,0,21,0.4
2026-03-11,,0,,,0,0,0,0,0,0,0,0.4
2026-03-12,,0,,,0,0,0,0,0,0,0,0.6
2026-03-13,,1.4,,,1,14,0,0,4,0,0,1
2026-03-14,,1.4,,,1,14,,0,6.5,0,0.2,1
2026-03-15,,1.4,,,1,14,,0,6.5,0,0.2,0.8
2026-03-16,,0,0,,0,0,,0,2.5,0,0.2,0
2026-03-17,,0,0,0,0,0,,0,2.5,0,0,0
2026-03-18,,50.4,0,,25.5,0,,0,4,0,0,0
2026-03-19,,58.2,0,,33,0,,0,7,0,0,9
2026-03-20,,58.2,,,33,0,,0,4.5,0,0,9
2026-03-21,,7.8,,0,7.5,0,,58,3,0,0,9
2026-03-22,,0.2,,,0,0,,58,0,0,0,1
2026-03-23,,0.2,0,,0,0,,58,1.5,0,0,1.6
2026-03-24,,0.2,,,0,0,,0,1.5,0,0,1.6
2026-03-25,,3,,0,,,,,,0,0,0.6
2026-03-26,,3,,,,,,,,0,3.4,0.2
2026-03-27,,3,0,,,,,,,0,4,0.2
2026-03-28,,0,0,,,,,,,0,4,0.2
2026-03-29,,0,,0,,,,,,0,0.6,0
2026-03-30,,0,,,0,0,,0,0,0,0.4,0
2026-03-31,,0,,,0,0,,0,0,0,0.4,1
2026-04-01,,0,0,,0,0,,0,0,0,0.4,1
2026-04-02,,0,0,,0,0,,0,0,0,0,1.6
2026-04-03,0,0,0,0,0,0,,0,0,0,0,0.6
2026-04-04,0,0,0,,0,0,,0,0,0,0,0.4
2026-04-05,0,0,0,,0,0,,0,0,0,0,0.4
2026-04-06,0,0,0,,0,0,,0,0,0,0,0
2026-04-07,0,0,0,0,0,0,,0,0,0,0,0
2026-04-08,0,0,0,,0,0,0,0,0,0,0,0
2026-04-09,0,0,0,0,0,0,0,0,0,0,0,0
2026-04-10,0,0,,,0,0,0,0,0,0,0,0
2026-04-11,0,0,,,0,0,0,0,0,0,0,0
2026-04-12,0,0,0,0,0,0,0,0,0,0,0,0
2026-04-13,0,0,0,0,0,0,0,0,0,0,0,0
2026-04-14,0,0,0,0,0,0,0,0,0,0,0,0
2026-04-15,0,0,0,0,0,0,0,0,0,0,0,0
2026-04-16,0,0,0,,0,0,0,0,0,0,0,0
2026-04-17,0,0,0,0,0,0,0,0,0,0,0,0
2026-04-18,0.01,1.2,0,0,1,4,0,0.5,0.5,0,0,0
2026-04-19,0.6,4.8,0,0,4.5,4,3,0.5,0.5,0,0,0.4
2026-04-20,,4.8,0,,3.5,0,0,0,0,0.2,0,0.4
2026-04-21,,3.6,0,,0,0,,0,0.5,0.2,0,0
2026-04-22,,0,0,0,0,0,,0,0.5,0,1,0
2026-04-23,0.8,0,,0,0,0,,0,0,0,1,0
2026-04-24,0.81,0,21.4,0,0,0,0,0,0,0.4,0.6,0
2026-04-25,0.21,9.2,21.4,,10.5,0,0,0,0,0.4,0.6,0
2026-04-26,3,10,27.2,0,11,0,11,2.5,53,0,0,0
2026-04-27,15.2,23.2,5.8,0,9.5,0.5,79,18,95.5,28.2,0.4,90.2
2026-04-28,12.4,14,5.8,0,9,,68,15.5,42.5,28.2,0.4,90.2
2026-04-29,0,13.2,0,0,0,1,0,1.5,0,49.4,0,0
2026-04-30,,11,,,8,1,0,1.5,0,49.4,0.2,0
2026-05-01,100.6,72.4,0,,54.5,10,12,5,28.5,4.4,4,48.6
2026-05-02,71,72.6,0,0,46.5,25.5,12,9,28.5,13.6,6,48.8
2026-05-03,0.6,61.6,0,0,0,15.5,0,4,0,9.2,2.6,0.2
2026-05-04,0.61,0.2,0,,0,0,0,0,0,0,0.4,0
2026-05-05,5.41,4,0,,5,10.5,3.5,,8,0,0,49
2026-05-06,27.4,20,0,,18,10.5,3.5,0,8,0,0.2,49
2026-05-07,,35.4,0,,22,12.5,0.5,4,0,0.6,0.2,0
2026-05-08,,33.8,0,0,2,1.5,4.5,0.5,0.5,1.2,0,16.2
2026-05-09,16.4,24.2,3.8,0,,,,,,0.6,0,19.6
2026-05-10,,8.8,3.8,0,,,,,,0,0,3.4
2026-05-11,0.8,8.2,3.8,0,1.5,1,0,0,0,0.2,0,13.2
2026-05-12,,10.8,0,0,10,2,2.5,,8.5,25,0,24.8
2026-05-13,,35.4,0,0,34,18,2.5,0,8.5,24.8,0,11.6
2026-05-14,12.2,37.6,19.6,0,13.5,19.5,0,15.5,0,21.6,0,0.2
2026-05-15,0,,19.6,,,3,3,15.5,4,21.6,0,0.2
2026-05-16,,13,19.6,0,0,0.5,3,0,4,0,1,0
2026-05-17,,10.8,1.4,0,5.5,0.5,12.5,0,0,1.4,1.4,1
2026-05-18,33.4,27,,0,14,0.5,43.5,0,42,1.6,0.6,6.4
2026-05-19,,45.4,0,0,,3.5,32,1,44,1,0.4,5.4
2026-05-20,,24.2,,0,,11,5.5,3,2,2.4,9,1.8
2026-05-21,39.8,,0,0,,42,4.5,9,20,13.4,9.4,33.4
2026-05-22,,27.2,2.6,0,,37,1,7,20.5,12,6.4,31.8
2026-05-23,,21.4,3.8,,,6,7.5,1,2.5,0.2,15.6,25.4
2026-05-24,0.01,21.4,4,0,,7,6.5,1,3,0.2,10.2,27.8
2026-05-25,,1.8,1.4,,,16,6.5,0,7,3.4,4.4,8.2
2026-05-26,11.2,1.8,0.2,0,,12.5,6.5,0,6,7.4,4,5.6
2026-05-27,,1.8,3,0,,2,8,0,0,4.2,0,0.2
2026-05-28,,0,,0,,9.5,8,1,0.5,2.2,0,0.2
2026-05-29,1.4,0.2,,0,,8,0,1,0.5,2.2,0,0
2026-05-30,,0.2,4,0,,30.5,0.5,0,1,1.6,0,3.8
2026-05-31,2.2,11,0,0,,45.5,1,0,3.5,4.6,0.8,6.2
2026-06-01,,10.8,,,,0,0.5,0,0,30,1.2,15.4
2026-06-02,0.4,66.8,,,,,,,,30.6,12.8,109.4
2026-06-03,,86,0.2,0,,108,0,0,11.5,4.2,13.4,98.6
2026-06-04,26.4,104.4,9.6,0,,0,0,0,0,4.2,15.8,98.6
2026-06-05,,,9.4,0,,,,,,11.4,6.4,20.2
2026-06-06,23,34.4,,0,,6,0.5,0,6.5,11.4,4,20.6
2026-06-07,29.6,24.6,0,,,8,0,0,6.5,0,0,0.4
2026-06-08,9.4,27.8,,,0,11,,0,5,15.6,16,0.8
2026-06-09,,21.2,,,3,46,,0,9.5,36.8,29.4,14.2
2026-06-10,,15.6,,0,8,52,,0,6.5,54.4,21.2,37
2026-06-11,,54.2,,0,39.5,56.5,1,0,10.5,63.6,8.2,51.6
2026-06-12,,64.8,,0,56,,6,0,13,34.6,0.6,32.6
2026-06-13,,63.6,0,0,25.5,,5,0,4.5,14.8,16.8,5
2026-06-14,0,22,0,0,4,,0,0,0,10.6,17.2,0.4
2026-06-15,7.6,11,,,8,,0,0,0,49.4,0.8,1.4
2026-06-16,14.4,10.6,,,9,,0.5,0,2,69.6,0.8,2.4
2026-06-17,7,10.4,,0,1,,2,0,2,20.8,1.2,12.6
2026-06-18,0,1.4,0,0,0,,1.5,0,0,0.6,1.8,11.6
2026-06-19,,0,,0,0,,12.5,0,0.5,3.2,6.8,28.4
2026-06-20,,0,0,,0,,20,0,0.5,9.4,15.6,35.6
2026-06-21,,0,,0,0,,7.5,0,0,6.2,56,7.4
2026-06-22,,0.6,0,0,0,,0,0,0,0,49,0.2
2026-06-23,,,0,,0,,0,0,0,0,3,0
2026-06-24,,,,,,,0,0,0,0,0,0
2026-06-25,,,0,0,,,13,1,1.5,6,19.4,6.4
2026-06-26,,,,0,2.5,,18,2,2,10.8,19.4,7.2
2026-06-27,,19,0,0,17,,5,1,2,4.8,0,0.8
2026-06-28,,19,0,0,14.5,,0,0,1.5,0,0,0
2026-06-29,,19,0,,0,,0,0,0,0,4,0
2026-06-30,,0,,0,0,,0,0,0,0,4,0
2026-07-01,,0,0,0,0,,,,,0,0,0
2026-07-02,,15.6,,,12.5,,28.5,2,1.5,34.4,2.4,0
2026-07-03,,,0,,12.5,,28.5,2,1.5,50.8,8.6,0
2026-07-04,,,0,0,0,,0,0,0,22,32.8,1.2
2026-07-05,,,0,0,4.5,,2,0,0,6,29.6,1.2
2026-07-06,,,0,,18.5,,2,0,0.5,64,3,0.8
2026-07-07,,,,,34.5,,8,0,2,87.8,0.6,3.6
2026-07-08,,0,,0,25,,13,0,1.5,54.4,0.6,8.4
2026-07-09,,0,0,,19,,5.5,0,0,35.8,5.2,7
2026-07-10,,0,,0,14.5,,0.5,0,0,5.6,5.2,4.2
2026-07-11,,0,,0,3.5,,0.5,0,0,0.4,0,3.8
2026-07-12,,1,,0,6,,5,0,0,2.8,0,1.4
2026-07-13,,,0,,3,,4.5,0,0,3.4,0,0.4
2026-07-14,,1,0,0,12,,8,0,1,29.2,0,3.6
2026-07-15,,11.8,,,20,,28,0,5,46.6,0,4.4
2026-07-16,,28.4,,0,23,,,0,4,25.2,20,2.8
2026-07-17,,28.8,0,0,0,,0,0,0,26.8,,2.6
2026-07-18,,21,,,,,27,0,1,42,29,1.6
2026-07-19,,4.4,,,0,,27,0,1,22,29,8.4
2026-07-20,,0,0,0,0,,0,0,0,1,0,10.4
2026-07-21,,,,,0,,0,0,0,1,0,5
2026-07-22,,0.2,0,,0,,0,0,0,3.6,2.2,2.4
2026-07-23,,23,0,,16,,23.5,0,2,14.8,7.4,33
2026-07-24,,0,,0,22,,24.5,0,2,11.6,22,45.6
2026-07-25,,,15,0,10.5,,1,0,0,0.4,16.8,13
2026-07-26,,,19.8,0,8,,0,0,0,1,2.8,0
2026-07-27,,0,0,0,3.5,,0,0.5,0,1,2.8,0
2026-07-28,,0,,,11.5,,0,1.5,0,8,39.2,24.8
2026-07-29,,,,0,21,,2.5,1,0.5,10.4,39.2,28
2026-07-30,,15,,,24.5,,10,0,2,29,40.4,24.6
2026-07-31,38.4,15,,0,16.5,,37.5,0,4.5,93.4,71.2,34.6
2026-08-01,87,15,,0,23,,35,0,6.5,71.4,31.8,31.2
2026-08-02,93,10,,0,11.5,,5,0,3.5,7.8,1,18
2026-08-03,54.4,,,0,,,3,0,2,3.2,0,45.4
2026-08-04,,102,,0,78.5,,7,0,2.5,6,0,50.2
2026-08-05,4.2,92,,,81.5,,4,0,0.5,10.6,4,4.8
2026-08-06,34.4,130.4,40.4,45.6,13.5,,15,0,0,27.6,9.6,7.6
2026-08-07,92,95.8,,88.4,68.5,,26,0,2,28.8,7,18
2026-08-08,92.4,95.8,,64.8,108.5,,11,0,2,18.4,7.8,16.8
2026-08-09,60.6,0,,40.4,16.5,,4,0,0,36.2,9.2,52.4
2026-08-10,41,,0,25.1,,,,,,24.4,2.8,46.2
2026-08-11,16.8,0,,11.1,1.5,,,0,0,6.8,6.2,0.8
2026-08-12,,0,,5.4,1.5,,,0.5,0,6,6.2,2.4
2026-08-13,0.2,0.4,,6,0.5,,,0.5,0,0,0.8,1.8
2026-08-14,0.4,4,,5,4,,8,0.5,0,4.4,2,0
2026-08-15,46.4,4,,37.2,29.5,,8,6.5,0,7.4,3.6,0
2026-08-16,54.4,3.6,,38.8,48,,0,18,0,14.6,59.6,0
2026-08-17,14,0,0,1.6,22,,0,12,0,11.6,57.2,0
2026-08-18,7.6,0,0,7.1,0,,0,11,0,6.2,24.2,27.2
2026-08-19,29.2,17,,35.9,20,,12.5,39.5,0,32.4,35,65.4
2026-08-20,40,31.6,,37.3,24.5,,27.5,50.5,0,49.6,10.8,58.4
2026-08-21,64.8,31.6,,55.5,36.5,,34.5,59,0,64.4,5.8,39.6
2026-08-22,65.8,14.6,,56.5,38,,19.5,39,0,42.8,6.4,19.4
2026-08-23,32.8,0,,13.7,8,,0.5,14.5,0,7.8,9.8,2
2026-08-24,21.4,0.2,,8.2,2,,0.5,13,0,6.6,16,3
2026-08-25,13.8,5.2,,14.7,7.5,,1,0.5,0,0.6,6.8,1
2026-08-26,17.8,,,11.7,9,,1,3,0,1.4,0,0
2026-08-27,12,5,,3.4,2.5,,0,8,0,6.2,0,0
2026-08-28,,0,0,10.9,20.5,,1,5,0,4.8,0,0.2
2026-08-29,158.2,35.2,,75.6,49.5,,44,37,0.5,26.2,15.4,41.6
2026-08-30,258.4,46.6,0,70.1,34.5,,48,39,0.5,31.8,27,43.6
2026-08-31,216.2,,40.2,4.2,51,,38,56,0,63.4,20.4,55
2026-09-01,103.2,0,,2.8,57.5,,,56,0,66.6,8.8,52.8
2026-09-02,24.8,,40.2,16.9,14,,,4,0,11.2,0.4,12.2
2026-09-03,6.2,,0,17.9,3,,0,2,0,2.4,0.4,12.2
2026-09-04,3.6,0,0,3.2,0.5,,1,9,0,7.4,0.8,13.2
2026-09-05,3.6,0,0,0.8,0.5,,1,9.5,0,10.4,0.8,13.2
2026-09-06,1,0,0,0.4,0,,22,14,0,15.4,9.2,7.6
2026-09-07,8.2,,0,0.4,,,66.5,82.5,0,69,27.6,16.4
2026-09-08,9.2,0,,0.2,0,,1,72.5,0,63.2,20.6,9.6
2026-09-09,22,0,,,13,18.5,,21.5,0,26.8,22.4,12.8
2026-09-10,50.8,0,,0.6,9.5,94.5,20.5,71.5,0,71,74.4,26.2
2026-09-11,71.4,0,,2,,105,41.5,98,0,78,90.8,36.8
2026-09-12,51.4,0,0,4.2,4,43,48.5,46.5,0,39.8,42.6,33.4
2026-09-13,10.8,,0,90.6,4,14,29.5,3.5,0,16.4,9.6,10.8
2026-09-14,0.2,,0,87.8,0,0,2,1.5,0,3.8,3.6,0
2026-09-15,67.2,52,,11.5,318,65.5,31,37.5,0,43.4,47,50.4
2026-09-16,133.4,52,28.8,18.8,,153,49.5,56,0,62.6,62,60
2026-09-17,87.4,52,28.8,11.1,,109.5,43,32.5,0,28.8,16.4,48.2
2026-09-18,26,0,,7.8,,77.5,40,46,0,33,42.6,72.2
2026-09-19,6.6,0,0,5.6,,55.5,15.5,32.5,0,23.4,41.2,33.6
2026-09-20,19.6,0,0,2,,33,38,28.5,0,26.8,0,37
2026-09-21,36.4,0,0,0.8,,64.5,38,29.5,0,28.6,37.4,49.2
2026-09-22,78.2,,,0.6,,80,0,70,0,74.4,61.2,53
2026-09-23,59.81,0,0,0.8,,48.5,,69,0,73,23.8,52.4
2026-09-24,23.21,,35,0.8,,12,,35,0,41.8,55,17.4
2026-09-25,111.8,,,0.8,,58,,76,0,84.4,92,56.4
2026-09-26,144,,,0.8,,135,,184.5,0.5,173.2,311.2,112
2026-09-27,,,,2.8,,206,,226.5,2,264.2,318.8,197.6
2026-09-28,105.4,,,28,,188.5,,83.5,1.5,167.8,141.6,238.2
2026-09-29,108.4,0,,18.6,,72.5,,0,29,34.4,99.2,102.4
2026-09-30,3,0,,,,1,,0.5,29,0.6,2.2,0.4
2026-10-01,0,0,,4.7,,0,,0.5,0,0,0,0
2026-10-02,0.2,0,,11,,2.5,,2.5,0,2.8,0,0
2026-10-03,0.2,,,7.1,,2.5,,9.5,0,25.8,0,27.8
2026-10-04,,,,35.9,,2.5,,10,0,25.8,0,27.8
