date,rain_mm
2024-07-12,149.4
2026-01-08,0
2026-04-03,0
2026-04-04,0
2026-04-05,0
2026-04-06,0
2026-04-07,0
2026-04-08,0
2026-04-09,0
2026-04-10,0
2026-04-11,0
2026-04-12,0
2026-04-13,0
2026-04-14,0
2026-04-15,0
2026-04-16,0
2026-04-17,0
2026-04-18,0.01
2026-04-19,0.6
2026-04-23,0.8
2026-04-24,0.81
2026-04-25,0.21
2026-04-26,3
2026-04-27,15.2
2026-04-28,12.4
2026-04-29,0
2026-05-01,100.6
2026-05-02,71
2026-05-03,0.6
2026-05-04,0.61
2026-05-05,5.41
2026-05-06,27.4
2026-05-09,16.4
2026-05-11,0.8
2026-05-14,12.2
2026-05-15,0
2026-05-18,33.4
2026-05-21,39.8
2026-05-24,0.01
2026-05-26,11.2
2026-05-29,1.4
2026-05-31,2.2
2026-06-02,0.4
2026-06-04,26.4
2026-06-06,23
2026-06-07,29.6
2026-06-08,9.4
2026-06-14,0
2026-06-15,7.6
2026-06-16,14.4
2026-06-17,7
2026-06-18,0
2026-07-31,38.4
2026-08-01,87
2026-08-02,93
2026-08-03,54.4
2026-08-05,4.2
2026-08-06,34.4
2026-08-07,92
2026-08-08,92.4
2026-08-09,60.6
2026-08-10,41
2026-08-11,16.8
2026-08-13,0.2
2026-08-14,0.4
2026-08-15,46.4
2026-08-16,54.4
2026-08-17,14
2026-08-18,7.6
2026-08-19,29.2
2026-08-20,40
2026-08-21,64.8
2026-08-22,65.8
2026-08-23,32.8
2026-08-24,21.4
2026-08-25,13.8
2026-08-26,17.8
2026-08-27,12
2026-08-29,158.2
2026-08-30,258.4
2026-08-31,216.2
2026-09-01,103.2
2026-09-02,24.8
2026-09-03,6.2
2026-09-04,3.6
2026-09-05,3.6
2026-09-06,1
2026-09-07,8.2
2026-09-08,9.2
2026-09-09,22
2026-09-10,50.8
2026-09-11,71.4
2026-09-12,51.4
2026-09-13,10.8
2026-09-14,0.2
2026-09-15,67.2
2026-09-16,133.4
2026-09-17,87.4
2026-09-18,26
2026-09-19,6.6
2026-09-20,19.6
2026-09-21,36.4
2026-09-22,78.2
2026-09-23,59.81
2026-09-24,23.21
2026-09-25,111.8
2026-09-26,144
2026-09-28,105.4
2026-09-29,108.4
2026-09-30,3
2026-10-01,0
2026-10-02,0.2
2026-10-03,0.2
