date,storage_sim_mcm,release_sim_mcm_d,inflow_mcm_d,released_actual_mcm_d,upper_rule_curve_mcm
2026-08-30,171.44,8.0,9.88,0.2,162.98
2026-08-31,170.42,8.0,6.99,0.61,164.18
2026-09-01,168.0,8.0,5.58,0.54,165.37
2026-09-02,166.74,4.66,3.4,0.86,166.74
2026-09-03,167.9,1.27,2.43,1.15,168.11
2026-09-04,168.42,1.27,1.79,1.28,169.48
2026-09-05,168.52,1.27,1.37,1.27,170.85
2026-09-06,168.48,1.27,1.23,1.27,172.22
2026-09-07,168.59,1.27,1.38,1.15,173.59
2026-09-08,168.78,1.27,1.45,0.95,174.96
2026-09-09,168.74,1.27,1.23,1.27,176.33
2026-09-10,169.16,1.27,1.69,1.27,177.7
2026-09-11,170.11,1.27,2.21,0.97,179.07
2026-09-12,172.05,1.27,3.21,1.27,180.44
2026-09-13,172.61,1.27,1.83,1.27,181.81
2026-09-14,172.76,1.27,1.42,1.27,183.18
2026-09-15,172.77,1.27,1.28,1.27,184.55
2026-09-16,177.25,1.27,5.75,0.07,185.92
2026-09-17,179.44,1.27,3.46,0.53,187.29
2026-09-18,180.96,1.27,2.79,1.22,188.66
2026-09-19,181.83,1.27,2.13,1.27,190.03
2026-09-20,182.74,1.27,2.18,1.27,191.4
2026-09-21,184.61,1.27,3.14,1.27,192.77
2026-09-22,185.68,1.27,2.33,1.27,194.14
2026-09-23,190.61,1.27,6.2,1.27,195.51
2026-09-24,192.45,1.27,3.11,1.5,196.88
2026-09-25,195.05,1.27,3.88,2.21,198.25
2026-09-26,199.62,6.65,11.21,4.61,199.62
2026-09-27,224.9,12.13,37.41,31.66,200.99
2026-09-28,224.9,14.29,14.29,19.43,202.36
2026-09-29,224.9,11.48,11.48,13.41,203.73
2026-09-30,221.1,8.0,4.2,5.48,205.1
