หมู่บ้าน,ตำบล,อำเภอ,lon,lat,DEM_มรทก,โซนเตือน,เวลาเทียบ Ny.7
คลอง 14,บึงคอไห,ลำลูกกา,100.91357822,14.03598837,nan,นอกลุ่ม,-
คลอง 14,ชุมพล,องครักษ์,100.91672727,13.98202861,6.4773478507995605,D+1 ท้ายลุ่ม,ตามหลัง ~1 วัน
ใต้แอนคลองสิบสี่,ชุมพล,องครักษ์,100.91689073,13.99722118,2.905580759048462,D+1 ท้ายลุ่ม,ตามหลัง ~1 วัน
ล่าง,คลองใหญ่,องครักษ์,100.91916147,14.13340283,3.607530117034912,D+1 ท้ายลุ่ม,ตามหลัง ~1 วัน
หนองดอกโสน,บางปลากด,องครักษ์,100.92078131,14.18160464,3.655520439147949,D+1 ท้ายลุ่ม,ตามหลัง ~1 วัน
ปากคลองสิบห้าหกวา,ชุมพล,องครักษ์,100.92191029,13.96996743,1.024610161781311,D+1 ท้ายลุ่ม,ตามหลัง ~1 วัน
ลาดช้าง,บึงศาล,องครักษ์,100.92203927,14.02778909,3.0965912342071533,D+1 ท้ายลุ่ม,ตามหลัง ~1 วัน
คลอง 14,บางปลากด,องครักษ์,100.9225178,14.18787238,3.6747374534606934,D+1 ท้ายลุ่ม,ตามหลัง ~1 วัน
หัวหมอนคลองสิบสี่,บึงศาล,องครักษ์,100.92701652,14.07488513,3.250737428665161,D+1 ท้ายลุ่ม,ตามหลัง ~1 วัน
ทำนบ,ชุมพล,องครักษ์,100.93269422,14.01510903,2.5357065200805664,D+1 ท้ายลุ่ม,ตามหลัง ~1 วัน
กิดดารี,บึงศาล,องครักษ์,100.93376603,14.03711945,3.007892370223999,D+1 ท้ายลุ่ม,ตามหลัง ~1 วัน
ปากคลองสิบสี่,บึงศาล,องครักษ์,100.93593771,14.08783292,2.6892669200897217,D+1 ท้ายลุ่ม,ตามหลัง ~1 วัน
ปากคลองสิบห้า,ชุมพล,องครักษ์,100.93657794,13.97017402,3.212286949157715,D+1 ท้ายลุ่ม,ตามหลัง ~1 วัน
ลาดสะเอ็ด,โพธิ์แทน,องครักษ์,100.93736918,14.20083244,3.4394869804382324,D+1 ท้ายลุ่ม,ตามหลัง ~1 วัน
ดอนกลาง,บึงศาล,องครักษ์,100.94308851,14.03848576,3.0029680728912354,D+1 ท้ายลุ่ม,ตามหลัง ~1 วัน
บางปลากด,โพธิ์แทน,องครักษ์,100.94411665,14.18331587,3.431729555130005,D+1 ท้ายลุ่ม,ตามหลัง ~1 วัน
วัดราษฎร์ศรัทธาธรรม,ชุมพล,องครักษ์,100.94689224,13.99227433,3.0367071628570557,D+1 ท้ายลุ่ม,ตามหลัง ~1 วัน
ปากคลองสามสิบเอ็ด,โพธิ์แทน,องครักษ์,100.94740645,14.19225307,3.378255605697632,D+1 ท้ายลุ่ม,ตามหลัง ~1 วัน
ใต้ทดคลองสิบหก,ชุมพล,องครักษ์,100.94834315,13.97256889,3.072340488433838,D+1 ท้ายลุ่ม,ตามหลัง ~1 วัน
องค์พาต,โพธิ์แทน,องครักษ์,100.95139759,14.22838902,2.4204211235046387,D+1 ท้ายลุ่ม,ตามหลัง ~1 วัน
ปากคลองสิบหก,บึงศาล,องครักษ์,100.95240467,14.09271571,3.220167636871338,D+1 ท้ายลุ่ม,ตามหลัง ~1 วัน
ช่องตะเคียน,บึงศาล,องครักษ์,100.95545525,14.05527601,2.316784620285034,D+1 ท้ายลุ่ม,ตามหลัง ~1 วัน
วัดราษฎร์ศรัทธาธรรม,บึงศาล,องครักษ์,100.95584157,14.01814198,3.0245935916900635,D+1 ท้ายลุ่ม,ตามหลัง ~1 วัน
ปากบึงศาล,บึงศาล,องครักษ์,100.9566232,14.04359097,2.8352112770080566,D+1 ท้ายลุ่ม,ตามหลัง ~1 วัน
เหนือแอน,บึงศาล,องครักษ์,100.95703348,14.03422047,3.5247411727905273,D+1 ท้ายลุ่ม,ตามหลัง ~1 วัน
คูวัดแก,บ้านพริก,บ้านนา,100.95745565,14.26780868,3.4971396923065186,D+0..+1 ฝั่งคลองบ้านนา,ตามหลังชั่วโมง-วัน
หัวหมอน,บึงศาล,องครักษ์,100.95825331,14.0963512,2.7908108234405518,D+1 ท้ายลุ่ม,ตามหลัง ~1 วัน
คูคด,บางปลากด,องครักษ์,100.95989925,14.13743324,6.6672444343566895,D+1 ท้ายลุ่ม,ตามหลัง ~1 วัน
เหนือทด,ศีรษะกระบือ,องครักษ์,100.96142292,13.98384667,2.3847150802612305,D+1 ท้ายลุ่ม,ตามหลัง ~1 วัน
ปากคลองสิบหก,ศีรษะกระบือ,องครักษ์,100.9614725,13.97485743,2.867515802383423,D+1 ท้ายลุ่ม,ตามหลัง ~1 วัน
คลองสิบห้าเล่,คลองใหญ่,องครักษ์,100.96273308,14.11036275,3.221586227416992,D+1 ท้ายลุ่ม,ตามหลัง ~1 วัน
คลอง 31,โพธิ์แทน,องครักษ์,100.96523422,14.19742155,3.3877930641174316,D+1 ท้ายลุ่ม,ตามหลัง ~1 วัน
หัวหมอน,องครักษ์,องครักษ์,100.9662636,14.07426855,4.021934986114502,D+1 ท้ายลุ่ม,ตามหลัง ~1 วัน
ช่องตะเคียน,ศีรษะกระบือ,องครักษ์,100.96808315,14.04327619,3.0,D+1 ท้ายลุ่ม,ตามหลัง ~1 วัน
คลองหมาหลง,บางปลากด,องครักษ์,100.97075796,14.14438487,3.280153751373291,D+1 ท้ายลุ่ม,ตามหลัง ~1 วัน
ปากคลองยี่สิบสอง,ศีรษะกระบือ,องครักษ์,100.97216234,13.99465664,2.7705278396606445,D+1 ท้ายลุ่ม,ตามหลัง ~1 วัน
หนองโสน,คลองใหญ่,องครักษ์,100.97400034,14.13526424,3.7625417709350586,D+1 ท้ายลุ่ม,ตามหลัง ~1 วัน
กลางคลองสามสิบ,บางปลากด,องครักษ์,100.97607055,14.18300401,3.873295545578003,D+1 ท้ายลุ่ม,ตามหลัง ~1 วัน
ฉางฟาง,องครักษ์,องครักษ์,100.97693928,14.10517988,3.2919113636016846,D+1 ท้ายลุ่ม,ตามหลัง ~1 วัน
ลำหัก,คลองใหญ่,องครักษ์,100.97745976,14.11982042,2.7611801624298096,D+1 ท้ายลุ่ม,ตามหลัง ~1 วัน
ปากบึง,ศีรษะกระบือ,องครักษ์,100.98006289,14.0260369,2.78316068649292,D+1 ท้ายลุ่ม,ตามหลัง ~1 วัน
ศีรษะกระบือ,ศีรษะกระบือ,องครักษ์,100.98270775,14.07824772,3.1050195693969727,D+1 ท้ายลุ่ม,ตามหลัง ~1 วัน
มหาวงษ์,โพธิ์แทน,องครักษ์,100.98491196,14.21354578,2.5,D+1 ท้ายลุ่ม,ตามหลัง ~1 วัน
ญวณ,คลองใหญ่,องครักษ์,100.98825052,14.11959402,4.84862756729126,D+1 ท้ายลุ่ม,ตามหลัง ~1 วัน
บึงท่าราบ,ศีรษะกระบือ,องครักษ์,100.98901525,14.03337441,2.865215539932251,D+1 ท้ายลุ่ม,ตามหลัง ~1 วัน
เกาะล่าง,คลองใหญ่,องครักษ์,100.98953257,14.12657666,4.091065883636475,D+1 ท้ายลุ่ม,ตามหลัง ~1 วัน
ชายลำ,บ้านพริก,บ้านนา,100.98954036,14.28179032,4.112185955047607,D+0..+1 ฝั่งคลองบ้านนา,ตามหลังชั่วโมง-วัน
อุโมงค์,บางปลากด,องครักษ์,100.99079288,14.15458364,3.304694890975952,D+1 ท้ายลุ่ม,ตามหลัง ~1 วัน
คลอง 24,ศีรษะกระบือ,องครักษ์,100.99128437,14.06356803,2.671250104904175,D+1 ท้ายลุ่ม,ตามหลัง ~1 วัน
คลอง 32,บ้านพริก,บ้านนา,100.9961893,14.24488886,3.557948589324951,D+0..+1 ฝั่งคลองบ้านนา,ตามหลังชั่วโมง-วัน
บึงกล่ำ,ศีรษะกระบือ,องครักษ์,100.99626878,14.00705722,2.9069430828094482,D+1 ท้ายลุ่ม,ตามหลัง ~1 วัน
คลอง 31,อาษา,บ้านนา,100.99627583,14.218693,3.5,D+0..+1 ฝั่งคลองบ้านนา,ตามหลังชั่วโมง-วัน
ปากคลองเจ๊ก,องครักษ์,องครักษ์,100.99691714,14.09815482,3.131105899810791,D+1 ท้ายลุ่ม,ตามหลัง ~1 วัน
ประตูอุโมงค์,ทรายมูล,องครักษ์,100.99714018,14.14492421,4.0,D+1 ท้ายลุ่ม,ตามหลัง ~1 วัน
อ้อมช้าง,องครักษ์,องครักษ์,100.99802579,14.10506735,3.0721542835235596,D+1 ท้ายลุ่ม,ตามหลัง ~1 วัน
ปากคลองสิบเจ็ด,ศีรษะกระบือ,องครักษ์,101.0020209,13.97632269,2.5998706817626953,D+1 ท้ายลุ่ม,ตามหลัง ~1 วัน
พริก,บ้านพริก,บ้านนา,101.00550748,14.29128857,6.668306827545166,D+0..+1 ฝั่งคลองบ้านนา,ตามหลังชั่วโมง-วัน
คลองอ้อม,ทรายมูล,องครักษ์,101.00629356,14.1341106,3.6383252143859863,D+1 ท้ายลุ่ม,ตามหลัง ~1 วัน
หนองจิก,บ้านพริก,บ้านนา,101.00836867,14.29453333,6.991401195526123,D+0..+1 ฝั่งคลองบ้านนา,ตามหลังชั่วโมง-วัน
หนองทราย,บางปลากด,องครักษ์,101.00851332,14.16815455,3.5,D+1 ท้ายลุ่ม,ตามหลัง ~1 วัน
บึงหลุมบัว,ศีรษะกระบือ,องครักษ์,101.00913163,13.99720352,2.503330945968628,D+1 ท้ายลุ่ม,ตามหลัง ~1 วัน
หนองคันจาม,บ้านนา,บ้านนา,101.00967353,14.25325461,4.9594902992248535,D+0..+1 ฝั่งคลองบ้านนา,ตามหลังชั่วโมง-วัน
คลอง 23,ศีรษะกระบือ,องครักษ์,101.01028832,14.03330747,2.989694356918335,D+1 ท้ายลุ่ม,ตามหลัง ~1 วัน
หนองคันจาม,บ้านพริก,บ้านนา,101.01028993,14.27498685,5.476742267608643,D+0..+1 ฝั่งคลองบ้านนา,ตามหลังชั่วโมง-วัน
บางอ้อ,ทรายมูล,องครักษ์,101.01168373,14.15935526,3.218151807785034,D+1 ท้ายลุ่ม,ตามหลัง ~1 วัน
วังบัว,พิกุลออก,บ้านนา,101.01507349,14.24111918,5.700662136077881,D+0..+1 ฝั่งคลองบ้านนา,ตามหลังชั่วโมง-วัน
บางเกาะ,ทรายมูล,องครักษ์,101.01680904,14.13639369,3.4379494190216064,D+1 ท้ายลุ่ม,ตามหลัง ~1 วัน
หนองอ้ายตูม,บ้านพริก,บ้านนา,101.01696317,14.26412168,6.105925559997559,D+0..+1 ฝั่งคลองบ้านนา,ตามหลังชั่วโมง-วัน
หนองเปิ๊ป,บ้านพริก,บ้านนา,101.01704269,14.28688736,7.0057454109191895,D+0..+1 ฝั่งคลองบ้านนา,ตามหลังชั่วโมง-วัน
ปากลาด,บ้านพริก,บ้านนา,101.01727142,14.27235026,6.494091033935547,D+0..+1 ฝั่งคลองบ้านนา,ตามหลังชั่วโมง-วัน
คลอง 29,ทรายมูล,องครักษ์,101.01730774,14.16318522,3.6377623081207275,D+1 ท้ายลุ่ม,ตามหลัง ~1 วัน
คลองยาง,บ้านพริก,บ้านนา,101.01776409,14.3127369,15.103658676147461,D+0..+1 ฝั่งคลองบ้านนา,ตามหลังชั่วโมง-วัน
คลองหนองขุม,องครักษ์,องครักษ์,101.01788898,14.09238199,3.087813138961792,D+1 ท้ายลุ่ม,ตามหลัง ~1 วัน
คลอง 30,ทองหลาง,บ้านนา,101.01809385,14.20058253,3.1757187843322754,D+0..+1 ฝั่งคลองบ้านนา,ตามหลังชั่วโมง-วัน
ใหม่,บ้านพริก,บ้านนา,101.01869427,14.30609453,9.638175964355469,D+0..+1 ฝั่งคลองบ้านนา,ตามหลังชั่วโมง-วัน
คูคตคลองยี่สิบสอง,ศีรษะกระบือ,องครักษ์,101.01902061,13.99774034,2.7529256343841553,D+1 ท้ายลุ่ม,ตามหลัง ~1 วัน
คลอง 24 ฝั่งเหนือ,ศีรษะกระบือ,องครักษ์,101.0194379,14.06271682,3.4332785606384277,D+1 ท้ายลุ่ม,ตามหลัง ~1 วัน
หัวนาข้าวเหนียว,บ้านพริก,บ้านนา,101.01945917,14.26894177,6.227597713470459,D+0..+1 ฝั่งคลองบ้านนา,ตามหลังชั่วโมง-วัน
บางอีพ้น,ทรายมูล,องครักษ์,101.02066882,14.13930682,3.397761583328247,D+1 ท้ายลุ่ม,ตามหลัง ~1 วัน
หนองน้ำโก้,บ้านพริก,บ้านนา,101.02168812,14.29592734,12.567648887634277,D+0..+1 ฝั่งคลองบ้านนา,ตามหลังชั่วโมง-วัน
คูคตคลอง 22,ศีรษะกระบือ,องครักษ์,101.02324649,14.00664742,3.7992255687713623,D+1 ท้ายลุ่ม,ตามหลัง ~1 วัน
คลอง 24 ฝั่งใต้,ศีรษะกระบือ,องครักษ์,101.02341934,14.05595534,3.210523843765259,D+1 ท้ายลุ่ม,ตามหลัง ~1 วัน
หนองรี,บ้านพริก,บ้านนา,101.02504241,14.28212728,8.127336502075195,D+0..+1 ฝั่งคลองบ้านนา,ตามหลังชั่วโมง-วัน
คลองหนองขุมฝั่งใต้,ศีรษะกระบือ,องครักษ์,101.02508737,14.0852212,3.166482448577881,D+1 ท้ายลุ่ม,ตามหลัง ~1 วัน
ทรายมูล,องครักษ์,องครักษ์,101.02561954,14.10769675,3.578996181488037,D+1 ท้ายลุ่ม,ตามหลัง ~1 วัน
แหลมไม้ย้อย,พิกุลออก,บ้านนา,101.02578936,14.24590797,4.629342079162598,D+0..+1 ฝั่งคลองบ้านนา,ตามหลังชั่วโมง-วัน
บางขยอ,ทรายมูล,องครักษ์,101.02644449,14.1522747,2.0,D+1 ท้ายลุ่ม,ตามหลัง ~1 วัน
โคกประเสริฐ,อาษา,บ้านนา,101.02823844,14.23220035,3.9464831352233887,D+0..+1 ฝั่งคลองบ้านนา,ตามหลังชั่วโมง-วัน
บางกระจิก,ศีรษะกระบือ,องครักษ์,101.02921858,14.07343446,3.0634963512420654,D+1 ท้ายลุ่ม,ตามหลัง ~1 วัน
ชะวากยาว,บ้านพริก,บ้านนา,101.03011966,14.31804038,11.064661026000977,D+0..+1 ฝั่งคลองบ้านนา,ตามหลังชั่วโมง-วัน
สี่แยกวัดหนองคันจาม,บ้านพริก,บ้านนา,101.03295865,14.28735401,8.968306541442871,D+0..+1 ฝั่งคลองบ้านนา,ตามหลังชั่วโมง-วัน
บ่อน้ำหลวง,บ้านพริก,บ้านนา,101.03499754,14.29487381,11.241103172302246,D+0..+1 ฝั่งคลองบ้านนา,ตามหลังชั่วโมง-วัน
หนองมะกอก,บ้านนา,บ้านนา,101.0357792,14.26251691,7.102502822875977,D+0..+1 ฝั่งคลองบ้านนา,ตามหลังชั่วโมง-วัน
คลอง 29,ทองหลาง,บ้านนา,101.0360795,14.18783155,3.0866787433624268,D+0..+1 ฝั่งคลองบ้านนา,ตามหลังชั่วโมง-วัน
หนองมะกอก,พิกุลออก,บ้านนา,101.03617126,14.24779299,8.998584747314453,D+0..+1 ฝั่งคลองบ้านนา,ตามหลังชั่วโมง-วัน
ป่ายาง,ป่าขะ,บ้านนา,101.0369668,14.27944998,11.316812515258789,D+0..+1 ฝั่งคลองบ้านนา,ตามหลังชั่วโมง-วัน
สวนสน,องครักษ์,องครักษ์,101.03727895,14.09213538,5.650632381439209,D+1 ท้ายลุ่ม,ตามหลัง ~1 วัน
คลองผักหนาม,บ้านพริก,บ้านนา,101.03795502,14.29101673,11.60828971862793,D+0..+1 ฝั่งคลองบ้านนา,ตามหลังชั่วโมง-วัน
คลองศาลเจ้า,ทรายมูล,องครักษ์,101.03820649,14.13516759,3.1919291019439697,D+1 ท้ายลุ่ม,ตามหลัง ~1 วัน
ตลาดบ้านพริก,บ้านพริก,บ้านนา,101.03835641,14.31315517,12.843916893005371,D+0..+1 ฝั่งคลองบ้านนา,ตามหลังชั่วโมง-วัน
บึงไผ่,ศีรษะกระบือ,องครักษ์,101.03870729,13.9799351,2.6757395267486572,D+1 ท้ายลุ่ม,ตามหลัง ~1 วัน
คลอง 1,ทรายมูล,องครักษ์,101.0403336,14.11494973,3.152907133102417,D+1 ท้ายลุ่ม,ตามหลัง ~1 วัน
วัดราษฎร์ประดิษฐ์,ศีรษะกระบือ,องครักษ์,101.04139705,14.00974342,3.00927996635437,D+1 ท้ายลุ่ม,ตามหลัง ~1 วัน
วัดอารีราษฎร์,ศีรษะกระบือ,องครักษ์,101.04383608,14.03087988,3.1571407318115234,D+1 ท้ายลุ่ม,ตามหลัง ~1 วัน
เกาะไม้ลาย,พิกุลออก,บ้านนา,101.04446554,14.24083397,6.0992326736450195,D+0..+1 ฝั่งคลองบ้านนา,ตามหลังชั่วโมง-วัน
คลอง 24 ฝั่งเหนือ,บางลูกเสือ,องครักษ์,101.04507345,14.06860559,3.2587337493896484,D+1 ท้ายลุ่ม,ตามหลัง ~1 วัน
คลองสะพานเสือ,ป่าขะ,บ้านนา,101.04568516,14.3041802,15.877443313598633,D+0..+1 ฝั่งคลองบ้านนา,ตามหลังชั่วโมง-วัน
คลองวัว,ทองหลาง,บ้านนา,101.04623605,14.23128929,4.939432621002197,D+0..+1 ฝั่งคลองบ้านนา,ตามหลังชั่วโมง-วัน
คลอง 22,ศีรษะกระบือ,องครักษ์,101.04629155,14.00361519,2.8536055088043213,D+1 ท้ายลุ่ม,ตามหลัง ~1 วัน
หนองแฝกกระต่าย,ป่าขะ,บ้านนา,101.04629235,14.28177068,11.44668197631836,D+0..+1 ฝั่งคลองบ้านนา,ตามหลังชั่วโมง-วัน
โพธิ์แก้ว,บ้านพริก,บ้านนา,101.04726888,14.33789534,13.964105606079102,D+0..+1 ฝั่งคลองบ้านนา,ตามหลังชั่วโมง-วัน
เกาะขมิ้น,บ้านพริก,บ้านนา,101.048375,14.31708931,13.13051986694336,D+0..+1 ฝั่งคลองบ้านนา,ตามหลังชั่วโมง-วัน
มาบกระทุ่ม,พิกุลออก,บ้านนา,101.04973653,14.24563778,6.952879428863525,D+0..+1 ฝั่งคลองบ้านนา,ตามหลังชั่วโมง-วัน
ยางคู่,บ้านพริก,บ้านนา,101.0503419,14.35086706,16.130002975463867,D+0..+1 ฝั่งคลองบ้านนา,ตามหลังชั่วโมง-วัน
มาบกระทุ่ม,บ้านนา,บ้านนา,101.05167821,14.25930604,8.031097412109375,D+0..+1 ฝั่งคลองบ้านนา,ตามหลังชั่วโมง-วัน
ต้นกระบก,ป่าขะ,บ้านนา,101.05191183,14.27587721,12.09088134765625,D+0..+1 ฝั่งคลองบ้านนา,ตามหลังชั่วโมง-วัน
ทรายมูล,บางอ้อ,บ้านนา,101.05390549,14.15883709,3.3472917079925537,D+0..+1 ฝั่งคลองบ้านนา,ตามหลังชั่วโมง-วัน
คลองกระโดน,ป่าขะ,บ้านนา,101.05425963,14.28596399,9.63310432434082,D+0..+1 ฝั่งคลองบ้านนา,ตามหลังชั่วโมง-วัน
หัวถนน,ทองหลาง,บ้านนา,101.05470023,14.20049132,4.132683277130127,D+0..+1 ฝั่งคลองบ้านนา,ตามหลังชั่วโมง-วัน
โคกสว่าง,บ้านพริก,บ้านนา,101.05473305,14.32685799,14.476912498474121,D+0..+1 ฝั่งคลองบ้านนา,ตามหลังชั่วโมง-วัน
หนองกะเริง,บ้านนา,บ้านนา,101.05505941,14.26369056,10.964390754699707,D+0..+1 ฝั่งคลองบ้านนา,ตามหลังชั่วโมง-วัน
บางลูกเสือ,ศีรษะกระบือ,องครักษ์,101.05509382,14.02480661,2.207943916320801,D+1 ท้ายลุ่ม,ตามหลัง ~1 วัน
ไผ่ขวาง,พิกุลออก,บ้านนา,101.05596981,14.24093689,6.981461048126221,D+0..+1 ฝั่งคลองบ้านนา,ตามหลังชั่วโมง-วัน
ดงขี้ผุก,ป่าขะ,บ้านนา,101.0563581,14.29977712,24.930435180664062,D+0..+1 ฝั่งคลองบ้านนา,ตามหลังชั่วโมง-วัน
ตะลุง,พิกุลออก,บ้านนา,101.05694977,14.24542437,7.325104236602783,D+0..+1 ฝั่งคลองบ้านนา,ตามหลังชั่วโมง-วัน
ปากคลองบางนางเล็ก,บางลูกเสือ,องครักษ์,101.05765805,14.09182501,2.7581465244293213,D+1 ท้ายลุ่ม,ตามหลัง ~1 วัน
คลอง 29,บางอ้อ,บ้านนา,101.05850589,14.19324626,3.2304773330688477,D+0..+1 ฝั่งคลองบ้านนา,ตามหลังชั่วโมง-วัน
เขาปากหมู,เขาเพิ่ม,บ้านนา,101.05952862,14.36113108,20.561243057250977,D+0..+1 ฝั่งคลองบ้านนา,ตามหลังชั่วโมง-วัน
พิกุลแก้ว,บ้านนา,บ้านนา,101.05953147,14.25440542,7.9515299797058105,D+0..+1 ฝั่งคลองบ้านนา,ตามหลังชั่วโมง-วัน
เทพโลก,บางลูกเสือ,องครักษ์,101.0603764,14.06965423,2.309382200241089,D+1 ท้ายลุ่ม,ตามหลัง ~1 วัน
ตลาดสี่แยก,ทองหลาง,บ้านนา,101.06368644,14.20756274,3.9112493991851807,D+0..+1 ฝั่งคลองบ้านนา,ตามหลังชั่วโมง-วัน
ท่ามะเฟือง,ป่าขะ,บ้านนา,101.06485114,14.27945062,15.713504791259766,D+0..+1 ฝั่งคลองบ้านนา,ตามหลังชั่วโมง-วัน
หนองโสน,ทองหลาง,บ้านนา,101.06554775,14.23210569,6.263335704803467,D+0..+1 ฝั่งคลองบ้านนา,ตามหลังชั่วโมง-วัน
หนองเคี่ยม,ป่าขะ,บ้านนา,101.06569993,14.31777486,15.316354751586914,D+0..+1 ฝั่งคลองบ้านนา,ตามหลังชั่วโมง-วัน
กร่างประตูวัง,ป่าขะ,บ้านนา,101.06718913,14.30768755,13.79259967803955,D+0..+1 ฝั่งคลองบ้านนา,ตามหลังชั่วโมง-วัน
เขาน้อย,เขาเพิ่ม,บ้านนา,101.06722997,14.34905016,20.27069854736328,D+0..+1 ฝั่งคลองบ้านนา,ตามหลังชั่วโมง-วัน
ป่าเตย,พิกุลออก,บ้านนา,101.0677975,14.24848788,7.7914719581604,D+0..+1 ฝั่งคลองบ้านนา,ตามหลังชั่วโมง-วัน
ท่าทราย,ทองหลาง,บ้านนา,101.06893875,14.2257541,7.408151149749756,D+0..+1 ฝั่งคลองบ้านนา,ตามหลังชั่วโมง-วัน
ท่าตะโพธิ์,เขาเพิ่ม,บ้านนา,101.07358019,14.33575993,18.132863998413086,D+0..+1 ฝั่งคลองบ้านนา,ตามหลังชั่วโมง-วัน
บางนางเล็ก,บางลูกเสือ,องครักษ์,101.07374409,14.10096361,3.7147469520568848,D+1 ท้ายลุ่ม,ตามหลัง ~1 วัน
อาษา,ทองหลาง,บ้านนา,101.07433256,14.23072664,6.511125564575195,D+0..+1 ฝั่งคลองบ้านนา,ตามหลังชั่วโมง-วัน
บางปรัง,บางลูกเสือ,องครักษ์,101.07523669,14.08627506,3.221273899078369,D+1 ท้ายลุ่ม,ตามหลัง ~1 วัน
บางอ้อใหญ่,บางอ้อ,บ้านนา,101.07548492,14.17660793,3.5985000133514404,D+0..+1 ฝั่งคลองบ้านนา,ตามหลังชั่วโมง-วัน
คลอง 2,บางลูกเสือ,องครักษ์,101.07582196,14.09663157,3.320053815841675,D+1 ท้ายลุ่ม,ตามหลัง ~1 วัน
ชุมแสง,พิกุลออก,บ้านนา,101.07623186,14.23978709,6.202659606933594,D+0..+1 ฝั่งคลองบ้านนา,ตามหลังชั่วโมง-วัน
บางชะนวน,บางลูกเสือ,องครักษ์,101.07809091,14.02760724,2.804471254348755,D+1 ท้ายลุ่ม,ตามหลัง ~1 วัน
เขาล้อม,เขาเพิ่ม,บ้านนา,101.07898102,14.37620588,26.448888778686523,D+0..+1 ฝั่งคลองบ้านนา,ตามหลังชั่วโมง-วัน
ปากบึงพระอาจารย์,บางสมบูรณ์,องครักษ์,101.07959657,13.98147874,2.376739025115967,D+1 ท้ายลุ่ม,ตามหลัง ~1 วัน
คลองสีเสียด,เขาเพิ่ม,บ้านนา,101.08023669,14.35987367,21.56737518310547,D+0..+1 ฝั่งคลองบ้านนา,ตามหลังชั่วโมง-วัน
คลอง 22,บางลูกเสือ,องครักษ์,101.08304195,14.00801323,3.03908371925354,D+1 ท้ายลุ่ม,ตามหลัง ~1 วัน
เขาสามหลั่น,เขาเพิ่ม,บ้านนา,101.08318847,14.38483533,45.999900817871094,D+0..+1 ฝั่งคลองบ้านนา,ตามหลังชั่วโมง-วัน
โคกประเสริฐ,ป่าขะ,บ้านนา,101.08333171,14.27740242,17.329954147338867,D+0..+1 ฝั่งคลองบ้านนา,ตามหลังชั่วโมง-วัน
คลอง 3,ดอนยอ,เมืองนครนายก,101.08469145,14.13308855,3.366468906402588,D+0 ตัวเมือง,พร้อม Ny.7
คลองหกวาบึงตาหอม,บางสมบูรณ์,องครักษ์,101.08501423,13.97788949,3.0469493865966797,D+1 ท้ายลุ่ม,ตามหลัง ~1 วัน
คลองนางหงส์,ป่าขะ,บ้านนา,101.08534634,14.28576219,11.1003999710083,D+0..+1 ฝั่งคลองบ้านนา,ตามหลังชั่วโมง-วัน
คลอง 3,ทรายมูล,องครักษ์,101.08707716,14.11841916,4.545324325561523,D+1 ท้ายลุ่ม,ตามหลัง ~1 วัน
คลองห้วยถ่าน,ศรีกะอาง,บ้านนา,101.08765661,14.32600963,27.201223373413086,D+0..+1 ฝั่งคลองบ้านนา,ตามหลังชั่วโมง-วัน
หนองยาง,ป่าขะ,บ้านนา,101.08769378,14.28087749,10.940171241760254,D+0..+1 ฝั่งคลองบ้านนา,ตามหลังชั่วโมง-วัน
บางมงคล,บางอ้อ,บ้านนา,101.08833895,14.17839695,3.5701236724853516,D+0..+1 ฝั่งคลองบ้านนา,ตามหลังชั่วโมง-วัน
หนองปลิง,บ้านนา,บ้านนา,101.0889593,14.26972556,9.589468002319336,D+0..+1 ฝั่งคลองบ้านนา,ตามหลังชั่วโมง-วัน
ทุ่งกระโปร่ง,ศรีกะอาง,บ้านนา,101.08905112,14.31478601,18.872112274169922,D+0..+1 ฝั่งคลองบ้านนา,ตามหลังชั่วโมง-วัน
เนินสะอาด,เขาเพิ่ม,บ้านนา,101.09317379,14.35735504,11.990145683288574,D+0..+1 ฝั่งคลองบ้านนา,ตามหลังชั่วโมง-วัน
บางกะชา,บางสมบูรณ์,องครักษ์,101.09324835,14.02787607,6.438695907592773,D+1 ท้ายลุ่ม,ตามหลัง ~1 วัน
บางควายลุย,บางอ้อ,บ้านนา,101.09435428,14.19061175,3.3787190914154053,D+0..+1 ฝั่งคลองบ้านนา,ตามหลังชั่วโมง-วัน
ทางกระบือ,บ้านพร้าว,บ้านนา,101.09719414,14.23047378,4.483842849731445,D+0..+1 ฝั่งคลองบ้านนา,ตามหลังชั่วโมง-วัน
โปร่งเกลอ,ศรีกะอาง,บ้านนา,101.09771971,14.30673833,14.477848052978516,D+0..+1 ฝั่งคลองบ้านนา,ตามหลังชั่วโมง-วัน
ดอนโพธิ์,บ้านพร้าว,บ้านนา,101.09773825,14.26317213,8.49323558807373,D+0..+1 ฝั่งคลองบ้านนา,ตามหลังชั่วโมง-วัน
มาบช้าง,ศรีกะอาง,บ้านนา,101.09822893,14.270291,8.357951164245605,D+0..+1 ฝั่งคลองบ้านนา,ตามหลังชั่วโมง-วัน
คลอง 3,บางลูกเสือ,องครักษ์,101.09831878,14.10519078,6.15496826171875,D+1 ท้ายลุ่ม,ตามหลัง ~1 วัน
เกาะกระพี้,บ้านพร้าว,บ้านนา,101.0985538,14.23403064,5.267703056335449,D+0..+1 ฝั่งคลองบ้านนา,ตามหลังชั่วโมง-วัน
ดอนเปร็ง,พิกุลออก,บ้านนา,101.09875054,14.24076742,5.639845848083496,D+0..+1 ฝั่งคลองบ้านนา,ตามหลังชั่วโมง-วัน
หนองบัว,ทองหลาง,บ้านนา,101.09936206,14.21745631,5.836239814758301,D+0..+1 ฝั่งคลองบ้านนา,ตามหลังชั่วโมง-วัน
ดอน,ศรีกะอาง,บ้านนา,101.10010619,14.29883334,12.729363441467285,D+0..+1 ฝั่งคลองบ้านนา,ตามหลังชั่วโมง-วัน
วังน้ำ,ศรีกะอาง,บ้านนา,101.10072396,14.27569281,12.134391784667969,D+0..+1 ฝั่งคลองบ้านนา,ตามหลังชั่วโมง-วัน
ปากคลองพระอาจารย์,บางสมบูรณ์,องครักษ์,101.10077284,14.01520978,2.7302627563476562,D+1 ท้ายลุ่ม,ตามหลัง ~1 วัน
หนองแฟป,ศรีกะอาง,บ้านนา,101.10212538,14.27974108,10.82296371459961,D+0..+1 ฝั่งคลองบ้านนา,ตามหลังชั่วโมง-วัน
น้ำซับ,เขาเพิ่ม,บ้านนา,101.10261561,14.33986492,27.711626052856445,D+0..+1 ฝั่งคลองบ้านนา,ตามหลังชั่วโมง-วัน
ปากคลองบางเม่า,บางสมบูรณ์,องครักษ์,101.10278385,14.0459696,4.511892318725586,D+1 ท้ายลุ่ม,ตามหลัง ~1 วัน
คลองสะท้อน,เขาเพิ่ม,บ้านนา,101.10319834,14.35271966,24.502782821655273,D+0..+1 ฝั่งคลองบ้านนา,ตามหลังชั่วโมง-วัน
ชวดบัว,ดอนยอ,เมืองนครนายก,101.10721373,14.14322258,3.5091519355773926,D+0 ตัวเมือง,พร้อม Ny.7
เกาะพิกุล,ศรีกะอาง,บ้านนา,101.10735484,14.28894053,13.21415901184082,D+0..+1 ฝั่งคลองบ้านนา,ตามหลังชั่วโมง-วัน
วังไทร,บ้านพร้าว,บ้านนา,101.10747891,14.25972414,7.816733360290527,D+0..+1 ฝั่งคลองบ้านนา,ตามหลังชั่วโมง-วัน
เขาดิน,ศรีกะอาง,บ้านนา,101.10783167,14.32532104,151.97137451171875,D+0..+1 ฝั่งคลองบ้านนา,ตามหลังชั่วโมง-วัน
รังไม้เต็ง,เขาเพิ่ม,บ้านนา,101.10820407,14.34647351,23.49383544921875,D+0..+1 ฝั่งคลองบ้านนา,ตามหลังชั่วโมง-วัน
บางคา,บางสมบูรณ์,องครักษ์,101.10855814,14.07699615,3.745255708694458,D+1 ท้ายลุ่ม,ตามหลัง ~1 วัน
ดอนกระทุ่ม,บางสมบูรณ์,องครักษ์,101.10965092,14.08714438,3.446824073791504,D+1 ท้ายลุ่ม,ตามหลัง ~1 วัน
ประตูน้ำบางเม่า,บางสมบูรณ์,องครักษ์,101.11070613,14.06169913,3.612985372543335,D+1 ท้ายลุ่ม,ตามหลัง ~1 วัน
พร้าว,บ้านพร้าว,บ้านนา,101.11177005,14.23606105,6.135016918182373,D+0..+1 ฝั่งคลองบ้านนา,ตามหลังชั่วโมง-วัน
ละว้า,ศรีกะอาง,บ้านนา,101.1129501,14.33533699,27.65156364440918,D+0..+1 ฝั่งคลองบ้านนา,ตามหลังชั่วโมง-วัน
เกาะทองหลาง,ศรีกะอาง,บ้านนา,101.11303992,14.27557754,10.146894454956055,D+0..+1 ฝั่งคลองบ้านนา,ตามหลังชั่วโมง-วัน
วัดอินประชาราม,ศรีกะอาง,บ้านนา,101.11333924,14.3154306,195.64389038085938,D+0..+1 ฝั่งคลองบ้านนา,ตามหลังชั่วโมง-วัน
คลอง 3,ศรีจุฬา,เมืองนครนายก,101.11566011,14.09531986,3.3458974361419678,D+0 ตัวเมือง,พร้อม Ny.7
คลอง 22,บางสมบูรณ์,องครักษ์,101.11598727,14.00922017,2.6586520671844482,D+1 ท้ายลุ่ม,ตามหลัง ~1 วัน
เอกอนงค์,บางสมบูรณ์,องครักษ์,101.11665471,14.02283624,3.503019332885742,D+1 ท้ายลุ่ม,ตามหลัง ~1 วัน
ห้วยสงคราม,เขาเพิ่ม,บ้านนา,101.11762917,14.37348044,30.494945526123047,D+0..+1 ฝั่งคลองบ้านนา,ตามหลังชั่วโมง-วัน
โรงหิน,บ้านพร้าว,บ้านนา,101.11807843,14.20328078,3.5449588298797607,D+0..+1 ฝั่งคลองบ้านนา,ตามหลังชั่วโมง-วัน
บึงน้ำหัก,ดอนยอ,เมืองนครนายก,101.11824977,14.1236419,3.4152565002441406,D+0 ตัวเมือง,พร้อม Ny.7
เขาส่องกล้อง,ชะอม,แก่งคอย,101.1190999,14.38407524,nan,นอกลุ่ม,-
วังต้น,บ้านพร้าว,บ้านนา,101.11944917,14.24000477,4.86807107925415,D+0..+1 ฝั่งคลองบ้านนา,ตามหลังชั่วโมง-วัน
หุบอีแจน,ศรีกะอาง,บ้านนา,101.12005092,14.32993789,97.81160736083984,D+0..+1 ฝั่งคลองบ้านนา,ตามหลังชั่วโมง-วัน
หนองบัว,ดอนยอ,เมืองนครนายก,101.120118,14.10848891,3.2705440521240234,D+0 ตัวเมือง,พร้อม Ny.7
บางควายลุย,ท่าทราย,เมืองนครนายก,101.12035166,14.18570864,3.581822395324707,D+0 ตัวเมือง,พร้อม Ny.7
โปร่งไผ่,เขาเพิ่ม,บ้านนา,101.12079719,14.35697753,105.25465393066406,D+0..+1 ฝั่งคลองบ้านนา,ตามหลังชั่วโมง-วัน
คลองใหม่,บ้านพร้าว,บ้านนา,101.12087384,14.21386095,3.629826068878174,D+0..+1 ฝั่งคลองบ้านนา,ตามหลังชั่วโมง-วัน
ท่าขอม,ศรีจุฬา,เมืองนครนายก,101.12129344,14.07688066,2.5,D+0 ตัวเมือง,พร้อม Ny.7
คลองใหญ่,ท่าทราย,เมืองนครนายก,101.12211379,14.18892053,3.808987617492676,D+0 ตัวเมือง,พร้อม Ny.7
เขาหัวนา,ศรีกะอาง,บ้านนา,101.12235737,14.34110521,39.95449447631836,D+0..+1 ฝั่งคลองบ้านนา,ตามหลังชั่วโมง-วัน
คลองกระโดน,ศรีกะอาง,บ้านนา,101.12265641,14.29778442,23.31161117553711,D+0..+1 ฝั่งคลองบ้านนา,ตามหลังชั่วโมง-วัน
หนองกันเกรา,ศรีกะอาง,บ้านนา,101.12347995,14.29026403,16.74371337890625,D+0..+1 ฝั่งคลองบ้านนา,ตามหลังชั่วโมง-วัน
เตยน้อย,บางสมบูรณ์,องครักษ์,101.12356229,14.03710844,2.4755489826202393,D+1 ท้ายลุ่ม,ตามหลัง ~1 วัน
ประตูน้ำบางสมบูรณ์,บางสมบูรณ์,องครักษ์,101.1246006,13.97541365,2.68471622467041,D+1 ท้ายลุ่ม,ตามหลัง ~1 วัน
เตยใหญ่,บางสมบูรณ์,องครักษ์,101.12536381,14.01475914,2.5,D+1 ท้ายลุ่ม,ตามหลัง ~1 วัน
กระอาง,เขาเพิ่ม,บ้านนา,101.12637663,14.34898065,142.34580993652344,D+0..+1 ฝั่งคลองบ้านนา,ตามหลังชั่วโมง-วัน
หนองรีใหม่,ศรีกะอาง,บ้านนา,101.12699175,14.27613471,11.940131187438965,D+0..+1 ฝั่งคลองบ้านนา,ตามหลังชั่วโมง-วัน
คลองขุด,บางสมบูรณ์,องครักษ์,101.12709232,13.9981884,2.897542715072632,D+1 ท้ายลุ่ม,ตามหลัง ~1 วัน
วัดใหญ่โพธิ์ธาราม,ท่าทราย,เมืองนครนายก,101.1272499,14.18072303,3.77022123336792,D+0 ตัวเมือง,พร้อม Ny.7
คลองเตยใหญ่,บางสมบูรณ์,องครักษ์,101.12777052,14.04162994,3.5,D+1 ท้ายลุ่ม,ตามหลัง ~1 วัน
สวนบ้านกลาง,เขาเพิ่ม,บ้านนา,101.13121458,14.37025295,39.441184997558594,D+0..+1 ฝั่งคลองบ้านนา,ตามหลังชั่วโมง-วัน
หนองรี,พรหมณี,เมืองนครนายก,101.13149857,14.25762105,7.515524864196777,D+0 ตัวเมือง,พร้อม Ny.7
กระเหรี่ยง,เขาเพิ่ม,บ้านนา,101.13215292,14.37482226,48.64986801147461,D+0..+1 ฝั่งคลองบ้านนา,ตามหลังชั่วโมง-วัน
ท่าศาลา,ท่าทราย,เมืองนครนายก,101.13499613,14.19881585,3.6358847618103027,D+0 ตัวเมือง,พร้อม Ny.7
บางตะคง,ท่าทราย,เมืองนครนายก,101.13630711,14.16198733,3.394991636276245,D+0 ตัวเมือง,พร้อม Ny.7
บางปรัง,ศรีจุฬา,เมืองนครนายก,101.13697613,14.07652289,2.5,D+0 ตัวเมือง,พร้อม Ny.7
เขาคอก,พรหมณี,เมืองนครนายก,101.13758566,14.28111134,17.948116302490234,D+0 ตัวเมือง,พร้อม Ny.7
บางไพร,พรหมณี,เมืองนครนายก,101.13901482,14.22643268,4.145395755767822,D+0 ตัวเมือง,พร้อม Ny.7
หนองเตย,พรหมณี,เมืองนครนายก,101.13948082,14.23762074,4.88487434387207,D+0 ตัวเมือง,พร้อม Ny.7
หินดาด,เขาเพิ่ม,บ้านนา,101.14105456,14.36236363,120.1900634765625,D+0..+1 ฝั่งคลองบ้านนา,ตามหลังชั่วโมง-วัน
วังปลาจีด,พรหมณี,เมืองนครนายก,101.14165006,14.27808685,16.067195892333984,D+0 ตัวเมือง,พร้อม Ny.7
เกาะสำโรง,พรหมณี,เมืองนครนายก,101.14166843,14.25750999,7.095278263092041,D+0 ตัวเมือง,พร้อม Ny.7
บางยี่กาว,ดงละคร,เมืองนครนายก,101.14431532,14.11277838,3.4351799488067627,D+0 ตัวเมือง,พร้อม Ny.7
คลอง 2,บางสมบูรณ์,องครักษ์,101.14576291,14.01679241,2.5,D+1 ท้ายลุ่ม,ตามหลัง ~1 วัน
หันตะเภา,บางสมบูรณ์,องครักษ์,101.14591438,14.00537342,2.9054696559906006,D+1 ท้ายลุ่ม,ตามหลัง ~1 วัน
หัวสวน,ท่าทราย,เมืองนครนายก,101.1476462,14.18738321,3.935549020767212,D+0 ตัวเมือง,พร้อม Ny.7
ท้ายทอง,พรหมณี,เมืองนครนายก,101.15160954,14.23384015,7.779984951019287,D+0 ตัวเมือง,พร้อม Ny.7
หนองยาง,พรหมณี,เมืองนครนายก,101.15426337,14.25732205,7.971293926239014,D+0 ตัวเมือง,พร้อม Ny.7
ท่าช้าง,ท่าทราย,เมืองนครนายก,101.15502578,14.19398808,3.8417699337005615,D+0 ตัวเมือง,พร้อม Ny.7
เข็มทอง,บางสมบูรณ์,องครักษ์,101.1552,14.00687157,3.224759340286255,D+1 ท้ายลุ่ม,ตามหลัง ~1 วัน
บางเม่า,ดงละคร,เมืองนครนายก,101.15617946,14.09673385,3.1909608840942383,D+0 ตัวเมือง,พร้อม Ny.7
โคกลำดวน,พรหมณี,เมืองนครนายก,101.15673889,14.27750801,13.45816421508789,D+0 ตัวเมือง,พร้อม Ny.7
ดงละคร,ท่าช้าง,เมืองนครนายก,101.15717399,14.16534788,4.295229434967041,D+0 ตัวเมือง,พร้อม Ny.7
ชวดปลาดุก,ศรีจุฬา,เมืองนครนายก,101.15891336,14.01771138,3.9673314094543457,D+0 ตัวเมือง,พร้อม Ny.7
วัดโบสถ์,ท่าช้าง,เมืองนครนายก,101.1600561,14.17926055,5.832108974456787,D+0 ตัวเมือง,พร้อม Ny.7
เทพประทาน,พรหมณี,เมืองนครนายก,101.16027322,14.26477416,12.024186134338379,D+0 ตัวเมือง,พร้อม Ny.7
คลองโพธิ์,ดงละคร,เมืองนครนายก,101.16244186,14.14021923,3.718757390975952,D+0 ตัวเมือง,พร้อม Ny.7
หนองเสือ,พรหมณี,เมืองนครนายก,101.16314414,14.24840886,7.955608367919922,D+0 ตัวเมือง,พร้อม Ny.7
ผลทวี,พรหมณี,เมืองนครนายก,101.16346513,14.23136913,7.596611976623535,D+0 ตัวเมือง,พร้อม Ny.7
เอี่ยมประดิษฐ์,พรหมณี,เมืองนครนายก,101.16370493,14.23951467,6.517877101898193,D+0 ตัวเมือง,พร้อม Ny.7
คลองใหม่,พรหมณี,เมืองนครนายก,101.16525339,14.21387548,3.8795204162597656,D+0 ตัวเมือง,พร้อม Ny.7
ไผ่ล้อม,พรหมณี,เมืองนครนายก,101.16537415,14.25994669,10.092334747314453,D+0 ตัวเมือง,พร้อม Ny.7
บางปรังใต้,ศรีจุฬา,เมืองนครนายก,101.16568979,14.07166746,3.1843833923339844,D+0 ตัวเมือง,พร้อม Ny.7
ต้นกระบก,พรหมณี,เมืองนครนายก,101.16885917,14.26774358,12.313945770263672,D+0 ตัวเมือง,พร้อม Ny.7
ลำชวดโค้ง,ท่าช้าง,เมืองนครนายก,101.17131422,14.17664113,4.0416107177734375,D+0 ตัวเมือง,พร้อม Ny.7
หินสามก้อน,ดงละคร,เมืองนครนายก,101.17143955,14.15279616,22.652193069458008,D+0 ตัวเมือง,พร้อม Ny.7
หนองสะแก,พรหมณี,เมืองนครนายก,101.1715434,14.22498214,5.21475887298584,D+0 ตัวเมือง,พร้อม Ny.7
คลองสะท้อน,พรหมณี,เมืองนครนายก,101.17387029,14.27164002,13.778261184692383,D+0 ตัวเมือง,พร้อม Ny.7
หนองหมู,ดงละคร,เมืองนครนายก,101.17422564,14.1711788,4.280996799468994,D+0 ตัวเมือง,พร้อม Ny.7
ใต้วัด,ดงละคร,เมืองนครนายก,101.17548065,14.14146689,3.310633659362793,D+0 ตัวเมือง,พร้อม Ny.7
ปากชวด,ศรีจุฬา,เมืองนครนายก,101.17565044,14.01551459,2.74851393699646,D+0 ตัวเมือง,พร้อม Ny.7
คลองเรือ,พรหมณี,เมืองนครนายก,101.17646296,14.25789826,11.616180419921875,D+0 ตัวเมือง,พร้อม Ny.7
ท่าข้าม,ท่าช้าง,เมืองนครนายก,101.17710635,14.19759257,6.770549297332764,D+0 ตัวเมือง,พร้อม Ny.7
ปากท่อบางปรัง,ศรีจุฬา,เมืองนครนายก,101.17751675,14.07483845,2.8412082195281982,D+0 ตัวเมือง,พร้อม Ny.7
คูคด,ศรีจุฬา,เมืองนครนายก,101.18067119,14.08407366,2.9938266277313232,D+0 ตัวเมือง,พร้อม Ny.7
ศรีจุฬา,ดงละคร,เมืองนครนายก,101.18075156,14.09983071,3.409663677215576,D+0 ตัวเมือง,พร้อม Ny.7
เขาน้อย,พรหมณี,เมืองนครนายก,101.18251896,14.26146402,10.312477111816406,D+0 ตัวเมือง,พร้อม Ny.7
หนองกะพ้อ,ดงละคร,เมืองนครนายก,101.18338183,14.15882883,12.862109184265137,D+0 ตัวเมือง,พร้อม Ny.7
หน้ากระดาน,ดงละคร,เมืองนครนายก,101.18562099,14.13074762,3.214930772781372,D+0 ตัวเมือง,พร้อม Ny.7
เจดีย์ทอง,ท่าช้าง,เมืองนครนายก,101.18763874,14.20117883,4.16072416305542,D+0 ตัวเมือง,พร้อม Ny.7
ตอไม้แดง,พรหมณี,เมืองนครนายก,101.18922763,14.24225778,10.555732727050781,D+0 ตัวเมือง,พร้อม Ny.7
คลอง 5,ท่าเรือ,ปากพลี,101.18931884,14.07223299,3.0515072345733643,D-1 เชิงเขา/ฝนถิ่น,ท่วมจากฝนถิ่นก่อน Ny.7
บางหอย,ศรีจุฬา,เมืองนครนายก,101.19117547,14.02731706,2.5,D+0 ตัวเมือง,พร้อม Ny.7
ท่าประดิษฐ์,ท่าเรือ,ปากพลี,101.19146854,14.07604597,3.287468671798706,D-1 เชิงเขา/ฝนถิ่น,ท่วมจากฝนถิ่นก่อน Ny.7
เกาะโพธิ์,พรหมณี,เมืองนครนายก,101.19147047,14.21708938,7.37925910949707,D+0 ตัวเมือง,พร้อม Ny.7
หนองหญ้าเหี่ยว,ท่าช้าง,เมืองนครนายก,101.19175621,14.17654738,5.58783483505249,D+0 ตัวเมือง,พร้อม Ny.7
ปลวกแดง,ศรีจุฬา,เมืองนครนายก,101.19199687,14.01850825,2.9439520835876465,D+0 ตัวเมือง,พร้อม Ny.7
เขาน้อย,เขาพระ,เมืองนครนายก,101.19265905,14.28061839,237.8870391845703,D+0 ตัวเมือง,พร้อม Ny.7
หนองแสนตอ,พรหมณี,เมืองนครนายก,101.19298267,14.22633813,5.605074405670166,D+0 ตัวเมือง,พร้อม Ny.7
ลำอ้ายเติ้ง,ดงละคร,เมืองนครนายก,101.19344143,14.10621076,3.873079776763916,D+0 ตัวเมือง,พร้อม Ny.7
คลองยาง,เขาพระ,เมืองนครนายก,101.19365105,14.25306988,7.65362024307251,D+0 ตัวเมือง,พร้อม Ny.7
เขามะค่าทอง,เขาพระ,เมืองนครนายก,101.19538493,14.34339201,206.68235778808594,D+0 ตัวเมือง,พร้อม Ny.7
หนองทองทราย,ดงละคร,เมืองนครนายก,101.19603786,14.15286495,3.7056357860565186,D+0 ตัวเมือง,พร้อม Ny.7
ปากเหมือง,ท่าช้าง,เมืองนครนายก,101.19625683,14.18821317,5.787858963012695,D+0 ตัวเมือง,พร้อม Ny.7
กำแพงเศียร,ท่าเรือ,ปากพลี,101.1970755,14.06272205,3.0538136959075928,D-1 เชิงเขา/ฝนถิ่น,ท่วมจากฝนถิ่นก่อน Ny.7
สลักหิน,เขาพระ,เมืองนครนายก,101.19801543,14.27690719,115.01484680175781,D+0 ตัวเมือง,พร้อม Ny.7
ท่าอิฐ,เกาะโพธิ์,ปากพลี,101.20235604,14.13594955,3.6853182315826416,D-1 เชิงเขา/ฝนถิ่น,ท่วมจากฝนถิ่นก่อน Ny.7
ท่าแห,ท่าเรือ,ปากพลี,101.20583423,14.10801043,3.2589516639709473,D-1 เชิงเขา/ฝนถิ่น,ท่วมจากฝนถิ่นก่อน Ny.7
วังรี,เขาพระ,เมืองนครนายก,101.2067905,14.34049658,105.27529907226562,D+0 ตัวเมือง,พร้อม Ny.7
ตะเคียนงาม,เขาพระ,เมืองนครนายก,101.21010086,14.29133067,21.171772003173828,D+0 ตัวเมือง,พร้อม Ny.7
เนินตาล,วังกระโจม,เมืองนครนายก,101.21027595,14.18752888,5.328395843505859,D+0 ตัวเมือง,พร้อม Ny.7
ทุ่งแค,เขาพระ,เมืองนครนายก,101.21030768,14.24203855,6.846941947937012,D+0 ตัวเมือง,พร้อม Ny.7
เขาลำดวน,เขาพระ,เมืองนครนายก,101.21037583,14.32330081,105.7655258178711,D+0 ตัวเมือง,พร้อม Ny.7
ไผ่ล้อม,ท่าเรือ,ปากพลี,101.21070302,14.07600719,3.825261116027832,D-1 เชิงเขา/ฝนถิ่น,ท่วมจากฝนถิ่นก่อน Ny.7
หุบลึก,เขาพระ,เมืองนครนายก,101.21349462,14.28010341,34.58916473388672,D+0 ตัวเมือง,พร้อม Ny.7
วังตูม,เขาพระ,เมืองนครนายก,101.2148761,14.23880749,8.269213676452637,D+0 ตัวเมือง,พร้อม Ny.7
เกาะกระชาย,เขาพระ,เมืองนครนายก,101.21545646,14.2658389,88.95561218261719,D+0 ตัวเมือง,พร้อม Ny.7
คลองห้วยทราย,เขาพระ,เมืองนครนายก,101.21897863,14.27315741,69.35597229003906,D+0 ตัวเมือง,พร้อม Ny.7
ศาลเจ้า,ท่าเรือ,ปากพลี,101.21959158,14.06655987,2.9576776027679443,D-1 เชิงเขา/ฝนถิ่น,ท่วมจากฝนถิ่นก่อน Ny.7
หนองบัว,วังกระโจม,เมืองนครนายก,101.22021778,14.17043508,4.41374397277832,D+0 ตัวเมือง,พร้อม Ny.7
แขมโค้ง,ท่าเรือ,ปากพลี,101.22175669,14.08133672,3.1725001335144043,D-1 เชิงเขา/ฝนถิ่น,ท่วมจากฝนถิ่นก่อน Ny.7
ใหม่,บ้านใหญ่,เมืองนครนายก,101.2234017,14.22212375,8.987128257751465,D+0 ตัวเมือง,พร้อม Ny.7
ดอนเจริญ,วังกระโจม,เมืองนครนายก,101.2242296,14.17381434,4.113123893737793,D+0 ตัวเมือง,พร้อม Ny.7
ปากช่อง,เขาพระ,เมืองนครนายก,101.22501929,14.29599501,22.477163314819336,D+0 ตัวเมือง,พร้อม Ny.7
วังไทร,เขาพระ,เมืองนครนายก,101.22734417,14.23836489,8.518390655517578,D+0 ตัวเมือง,พร้อม Ny.7
คลองกุ่ม,เขาพระ,เมืองนครนายก,101.22850365,14.28610584,16.52924919128418,D+0 ตัวเมือง,พร้อม Ny.7
เกาะกา,ท่าเรือ,ปากพลี,101.22915505,14.10433049,3.2623324394226074,D-1 เชิงเขา/ฝนถิ่น,ท่วมจากฝนถิ่นก่อน Ny.7
หนองปรือ,เขาพระ,เมืองนครนายก,101.23060641,14.2821014,15.656045913696289,D+0 ตัวเมือง,พร้อม Ny.7
ดอนบก,บ้านใหญ่,เมืองนครนายก,101.23185456,14.227797,7.203362941741943,D+0 ตัวเมือง,พร้อม Ny.7
โพธิ์ไทร,วังกระโจม,เมืองนครนายก,101.23370515,14.20629343,9.474135398864746,D+0 ตัวเมือง,พร้อม Ny.7
หนองปราจีน,วังกระโจม,เมืองนครนายก,101.23446923,14.1944358,7.5151543617248535,D+0 ตัวเมือง,พร้อม Ny.7
เขากะลืม,เขาพระ,เมืองนครนายก,101.23495325,14.30399139,143.8776092529297,D+0 ตัวเมือง,พร้อม Ny.7
คลองกระทุ่ม,เกาะโพธิ์,ปากพลี,101.23611702,14.17882543,4.647632598876953,D-1 เชิงเขา/ฝนถิ่น,ท่วมจากฝนถิ่นก่อน Ny.7
กุดตะเคียน,เขาพระ,เมืองนครนายก,101.23628834,14.26982385,13.961791038513184,D+0 ตัวเมือง,พร้อม Ny.7
เนินผักชี,เขาพระ,เมืองนครนายก,101.23656128,14.29675131,222.22901916503906,D+0 ตัวเมือง,พร้อม Ny.7
โนนมะค่า,เขาพระ,เมืองนครนายก,101.2368094,14.289176,171.4124755859375,D+0 ตัวเมือง,พร้อม Ny.7
สะแกซึง,เกาะโพธิ์,ปากพลี,101.23835358,14.14047006,3.7566373348236084,D-1 เชิงเขา/ฝนถิ่น,ท่วมจากฝนถิ่นก่อน Ny.7
เขาทุเรียน,เขาพระ,เมืองนครนายก,101.23920892,14.25676124,12.45270824432373,D+0 ตัวเมือง,พร้อม Ny.7
บุหย่อง,เขาพระ,เมืองนครนายก,101.23984735,14.24305864,8.244867324829102,D+0 ตัวเมือง,พร้อม Ny.7
วังกระโจม,เกาะโพธิ์,ปากพลี,101.24061748,14.18827451,7.854029655456543,D-1 เชิงเขา/ฝนถิ่น,ท่วมจากฝนถิ่นก่อน Ny.7
ทุ่งกระเบา,บ้านใหญ่,เมืองนครนายก,101.24114331,14.22398335,7.605185031890869,D+0 ตัวเมือง,พร้อม Ny.7
ดงข่า,เกาะโพธิ์,ปากพลี,101.2428261,14.17147664,4.604595184326172,D-1 เชิงเขา/ฝนถิ่น,ท่วมจากฝนถิ่นก่อน Ny.7
โนนบก,สาริกา,เมืองนครนายก,101.24288451,14.27092057,16.237545013427734,D+0 ตัวเมือง,พร้อม Ny.7
ดอนสนวน,ศรีนาวา,เมืองนครนายก,101.24409016,14.20414619,8.457304954528809,D+0 ตัวเมือง,พร้อม Ny.7
ท่าข่อย,บ้านใหญ่,เมืองนครนายก,101.24456996,14.22066584,10.076751708984375,D+0 ตัวเมือง,พร้อม Ny.7
โพธิ์ไทร,ศรีนาวา,เมืองนครนายก,101.24468299,14.21138788,9.913045883178711,D+0 ตัวเมือง,พร้อม Ny.7
เกาะหวาย,เกาะโพธิ์,ปากพลี,101.24525966,14.1749803,4.771482944488525,D-1 เชิงเขา/ฝนถิ่น,ท่วมจากฝนถิ่นก่อน Ny.7
ห้วยโรง,ศรีนาวา,เมืองนครนายก,101.24609057,14.19737939,10.841205596923828,D+0 ตัวเมือง,พร้อม Ny.7
พราหมณี,สาริกา,เมืองนครนายก,101.24677661,14.2259435,8.251812934875488,D+0 ตัวเมือง,พร้อม Ny.7
กลาง,สาริกา,เมืองนครนายก,101.25025004,14.25426857,10.859440803527832,D+0 ตัวเมือง,พร้อม Ny.7
ตาด,สาริกา,เมืองนครนายก,101.25092098,14.28810632,51.9571418762207,D+0 ตัวเมือง,พร้อม Ny.7
เขาแดง,สาริกา,เมืองนครนายก,101.25252447,14.26071696,11.927983283996582,D+0 ตัวเมือง,พร้อม Ny.7
คลองปอ,สาริกา,เมืองนครนายก,101.2555381,14.22362313,9.034499168395996,D+0 ตัวเมือง,พร้อม Ny.7
เขาหล่น,สาริกา,เมืองนครนายก,101.25599731,14.2755635,70.02372741699219,D+0 ตัวเมือง,พร้อม Ny.7
ห้วยโรง,เกาะโพธิ์,ปากพลี,101.25706697,14.19304968,6.61034631729126,D-1 เชิงเขา/ฝนถิ่น,ท่วมจากฝนถิ่นก่อน Ny.7
คลองบ้านเก่า,สาริกา,เมืองนครนายก,101.25772775,14.28415654,198.58229064941406,D+0 ตัวเมือง,พร้อม Ny.7
พราหมมณี,สาริกา,เมืองนครนายก,101.25875284,14.23143502,9.4004487991333,D+0 ตัวเมือง,พร้อม Ny.7
เกาะทอง,ศรีนาวา,เมืองนครนายก,101.25886214,14.21669879,10.397953033447266,D+0 ตัวเมือง,พร้อม Ny.7
หนองจิก,ศรีนาวา,เมืองนครนายก,101.2590049,14.20261851,7.62489128112793,D+0 ตัวเมือง,พร้อม Ny.7
โพธิ์งาม,สาริกา,เมืองนครนายก,101.26078725,14.24375796,8.744810104370117,D+0 ตัวเมือง,พร้อม Ny.7
วังดอกไม้,สาริกา,เมืองนครนายก,101.26197877,14.2402237,8.838134765625,D+0 ตัวเมือง,พร้อม Ny.7
หนองโพธิ์,ศรีนาวา,เมืองนครนายก,101.26214313,14.20613471,7.217780113220215,D+0 ตัวเมือง,พร้อม Ny.7
คลองตะเคียน,เกาะโพธิ์,ปากพลี,101.26249647,14.18580552,6.726885795593262,D-1 เชิงเขา/ฝนถิ่น,ท่วมจากฝนถิ่นก่อน Ny.7
บุ่ง,สาริกา,เมืองนครนายก,101.26337647,14.22317762,9.654601097106934,D+0 ตัวเมือง,พร้อม Ny.7
กุดรังนอก,สาริกา,เมืองนครนายก,101.26421711,14.26918408,12.50078296661377,D+0 ตัวเมือง,พร้อม Ny.7
สี่แยก,สาริกา,เมืองนครนายก,101.26449506,14.25752922,10.366076469421387,D+0 ตัวเมือง,พร้อม Ny.7
เขาดิน,สาริกา,เมืองนครนายก,101.26463075,14.2543716,10.92801284790039,D+0 ตัวเมือง,พร้อม Ny.7
ลำอ้ายงอน,ท่าเรือ,ปากพลี,101.26593855,14.06837786,3.437930107116699,D-1 เชิงเขา/ฝนถิ่น,ท่วมจากฝนถิ่นก่อน Ny.7
ดอนแพง,ศรีนาวา,เมืองนครนายก,101.26659332,14.21129647,8.351972579956055,D+0 ตัวเมือง,พร้อม Ny.7
ใหม่,เกาะหวาย,ปากพลี,101.26804127,14.17151282,5.74943208694458,D-1 เชิงเขา/ฝนถิ่น,ท่วมจากฝนถิ่นก่อน Ny.7
ใหม่,สาริกา,เมืองนครนายก,101.26903356,14.2413093,8.90722370147705,D+0 ตัวเมือง,พร้อม Ny.7
วังดอกไม้,ศรีนาวา,เมืองนครนายก,101.26930373,14.22905967,9.65584659576416,D+0 ตัวเมือง,พร้อม Ny.7
ยอยไฮ,เกาะหวาย,ปากพลี,101.27135094,14.17715179,5.9870781898498535,D-1 เชิงเขา/ฝนถิ่น,ท่วมจากฝนถิ่นก่อน Ny.7
เขามดดำ,สาริกา,เมืองนครนายก,101.27156337,14.30592596,98.72346496582031,D+0 ตัวเมือง,พร้อม Ny.7
กุดรังใน,สาริกา,เมืองนครนายก,101.27236909,14.25619383,12.898809432983398,D+0 ตัวเมือง,พร้อม Ny.7
หินดาด,สาริกา,เมืองนครนายก,101.27422367,14.27328951,16.41839599609375,D+0 ตัวเมือง,พร้อม Ny.7
น้อย,เกาะหวาย,ปากพลี,101.27469947,14.18415987,6.0,D-1 เชิงเขา/ฝนถิ่น,ท่วมจากฝนถิ่นก่อน Ny.7
นอก,ปากพลี,ปากพลี,101.27501735,14.12344318,4.631882190704346,D-1 เชิงเขา/ฝนถิ่น,ท่วมจากฝนถิ่นก่อน Ny.7
โคกสำโรง,ท่าเรือ,ปากพลี,101.27548623,14.10329379,3.842742681503296,D-1 เชิงเขา/ฝนถิ่น,ท่วมจากฝนถิ่นก่อน Ny.7
ท่าซุง,ศรีนาวา,เมืองนครนายก,101.27551164,14.22391252,8.371686935424805,D+0 ตัวเมือง,พร้อม Ny.7
สบกเขียว,ศรีนาวา,เมืองนครนายก,101.27646946,14.19698406,6.832067966461182,D+0 ตัวเมือง,พร้อม Ny.7
โคกกระโดน,ปากพลี,ปากพลี,101.27681872,14.13430178,4.9655375480651855,D-1 เชิงเขา/ฝนถิ่น,ท่วมจากฝนถิ่นก่อน Ny.7
คลองมะเดื่อ,สาริกา,เมืองนครนายก,101.27710827,14.33697615,339.7839050292969,D+0 ตัวเมือง,พร้อม Ny.7
ท่าแดง,ปากพลี,ปากพลี,101.27951444,14.16143133,5.9610114097595215,D-1 เชิงเขา/ฝนถิ่น,ท่วมจากฝนถิ่นก่อน Ny.7
โคกสำโรง,ปากพลี,ปากพลี,101.28018908,14.11410135,4.272571086883545,D-1 เชิงเขา/ฝนถิ่น,ท่วมจากฝนถิ่นก่อน Ny.7
ปากช้าง,สาริกา,เมืองนครนายก,101.28020189,14.32626583,69.67818450927734,D+0 ตัวเมือง,พร้อม Ny.7
โคกกระชาย,ศรีนาวา,เมืองนครนายก,101.28027157,14.20302916,9.416119575500488,D+0 ตัวเมือง,พร้อม Ny.7
คีรีวัน,หินตั้ง,เมืองนครนายก,101.28204125,14.24746697,57.00101089477539,D+0 ตัวเมือง,พร้อม Ny.7
คลองขุนแก้ว,ศรีนาวา,เมืองนครนายก,101.28325614,14.23283624,8.811375617980957,D+0 ตัวเมือง,พร้อม Ny.7
หนองหัวเสือ,โคกกรวด,ปากพลี,101.28374517,14.18556444,6.230564117431641,D-1 เชิงเขา/ฝนถิ่น,ท่วมจากฝนถิ่นก่อน Ny.7
เกาะเรียง,ศรีนาวา,เมืองนครนายก,101.28389712,14.20935243,7.050180435180664,D+0 ตัวเมือง,พร้อม Ny.7
ท่าเดื่อ,ศรีนาวา,เมืองนครนายก,101.28401655,14.23846049,9.345609664916992,D+0 ตัวเมือง,พร้อม Ny.7
คลองสีเสียด,หินตั้ง,เมืองนครนายก,101.28513851,14.2597113,37.77118682861328,D+0 ตัวเมือง,พร้อม Ny.7
วังยาว,หินตั้ง,เมืองนครนายก,101.2861668,14.27667146,14.429237365722656,D+0 ตัวเมือง,พร้อม Ny.7
ล่าง,ปากพลี,ปากพลี,101.28649091,14.13284009,8.454787254333496,D-1 เชิงเขา/ฝนถิ่น,ท่วมจากฝนถิ่นก่อน Ny.7
เบญจภาส,ปากพลี,ปากพลี,101.29131046,14.16130142,7.277224540710449,D-1 เชิงเขา/ฝนถิ่น,ท่วมจากฝนถิ่นก่อน Ny.7
ท่าชัย,สาริกา,เมืองนครนายก,101.29135299,14.28656661,19.18217658996582,D+0 ตัวเมือง,พร้อม Ny.7
ท่ากว้าง,ปากพลี,ปากพลี,101.29181902,14.12427254,4.7851176261901855,D-1 เชิงเขา/ฝนถิ่น,ท่วมจากฝนถิ่นก่อน Ny.7
โคกกรวด,ศรีนาวา,เมืองนครนายก,101.29228919,14.22526521,18.04718589782715,D+0 ตัวเมือง,พร้อม Ny.7
เขากะเหรี่ยง,หินตั้ง,เมืองนครนายก,101.29235805,14.24244821,15.550470352172852,D+0 ตัวเมือง,พร้อม Ny.7
หนองแสง,ศรีนาวา,เมืองนครนายก,101.29310247,14.21635741,9.506317138671875,D+0 ตัวเมือง,พร้อม Ny.7
ดงแขวน,เกาะหวาย,ปากพลี,101.29352004,14.17078052,8.69418716430664,D-1 เชิงเขา/ฝนถิ่น,ท่วมจากฝนถิ่นก่อน Ny.7
หัวเขาแก้ว,สาริกา,เมืองนครนายก,101.2938556,14.32616088,41.66055679321289,D+0 ตัวเมือง,พร้อม Ny.7
ดง,สาริกา,เมืองนครนายก,101.29389542,14.31862135,37.460941314697266,D+0 ตัวเมือง,พร้อม Ny.7
สาธาร,ปากพลี,ปากพลี,101.29394679,14.10305576,3.631021022796631,D-1 เชิงเขา/ฝนถิ่น,ท่วมจากฝนถิ่นก่อน Ny.7
คลองคล้า,หนองแสง,ปากพลี,101.29412907,14.19488061,7.962774276733398,D-1 เชิงเขา/ฝนถิ่น,ท่วมจากฝนถิ่นก่อน Ny.7
สวนหงษ์,สาริกา,เมืองนครนายก,101.29429747,14.30064893,31.6722354888916,D+0 ตัวเมือง,พร้อม Ny.7
หนองสองห้อง,โคกกรวด,ปากพลี,101.29452728,14.1858211,10.721475601196289,D-1 เชิงเขา/ฝนถิ่น,ท่วมจากฝนถิ่นก่อน Ny.7
สามแยก,เกาะหวาย,ปากพลี,101.29542649,14.17642693,8.980499267578125,D-1 เชิงเขา/ฝนถิ่น,ท่วมจากฝนถิ่นก่อน Ny.7
กุดตะภา,สาริกา,เมืองนครนายก,101.29698321,14.29393648,19.087875366210938,D+0 ตัวเมือง,พร้อม Ny.7
วังเดือนห้า,หินตั้ง,เมืองนครนายก,101.29839311,14.23770951,14.812524795532227,D+0 ตัวเมือง,พร้อม Ny.7
โคกกระชาย,หนองแสง,ปากพลี,101.29971358,14.20582296,11.599092483520508,D-1 เชิงเขา/ฝนถิ่น,ท่วมจากฝนถิ่นก่อน Ny.7
เนิน,โคกกรวด,ปากพลี,101.2998387,14.18334436,13.941835403442383,D-1 เชิงเขา/ฝนถิ่น,ท่วมจากฝนถิ่นก่อน Ny.7
ขุมข้าว,หนองแสง,ปากพลี,101.30014208,14.19823944,8.258197784423828,D-1 เชิงเขา/ฝนถิ่น,ท่วมจากฝนถิ่นก่อน Ny.7
น้อย,หนองแสง,ปากพลี,101.30209183,14.21615125,9.473184585571289,D-1 เชิงเขา/ฝนถิ่น,ท่วมจากฝนถิ่นก่อน Ny.7
วังยายฉิม,หินตั้ง,เมืองนครนายก,101.30242287,14.2779826,20.56691551208496,D+0 ตัวเมือง,พร้อม Ny.7
บุ่งเข้,หินตั้ง,เมืองนครนายก,101.30515222,14.2471909,21.417236328125,D+0 ตัวเมือง,พร้อม Ny.7
ปากท่อ,ปากพลี,ปากพลี,101.30540553,14.11308132,3.9184696674346924,D-1 เชิงเขา/ฝนถิ่น,ท่วมจากฝนถิ่นก่อน Ny.7
เกาะลอย,โคกกรวด,ปากพลี,101.30544507,14.16638988,9.248139381408691,D-1 เชิงเขา/ฝนถิ่น,ท่วมจากฝนถิ่นก่อน Ny.7
คลองเสือโตน,หินตั้ง,เมืองนครนายก,101.30575213,14.26093091,57.74592208862305,D+0 ตัวเมือง,พร้อม Ny.7
จิกสูง,ปากพลี,ปากพลี,101.30593789,14.10488513,3.830098867416382,D-1 เชิงเขา/ฝนถิ่น,ท่วมจากฝนถิ่นก่อน Ny.7
ท่าชัย,หินตั้ง,เมืองนครนายก,101.30622932,14.29143449,20.84958267211914,D+0 ตัวเมือง,พร้อม Ny.7
กลาง,โคกกรวด,ปากพลี,101.3072128,14.18607906,9.240211486816406,D-1 เชิงเขา/ฝนถิ่น,ท่วมจากฝนถิ่นก่อน Ny.7
หนองหูลิงใน,หนองแสง,ปากพลี,101.30738332,14.19629747,10.77624797821045,D-1 เชิงเขา/ฝนถิ่น,ท่วมจากฝนถิ่นก่อน Ny.7
หนองบัวขอน,ปากพลี,ปากพลี,101.307564,14.0800433,3.510141372680664,D-1 เชิงเขา/ฝนถิ่น,ท่วมจากฝนถิ่นก่อน Ny.7
ดง,หินตั้ง,เมืองนครนายก,101.30764573,14.31145718,29.563587188720703,D+0 ตัวเมือง,พร้อม Ny.7
หัวหนอง,โคกกรวด,ปากพลี,101.30790612,14.18922853,9.195113182067871,D-1 เชิงเขา/ฝนถิ่น,ท่วมจากฝนถิ่นก่อน Ny.7
ดอนยายแมะ,หนองแสง,ปากพลี,101.308104,14.22157098,12.594990730285645,D-1 เชิงเขา/ฝนถิ่น,ท่วมจากฝนถิ่นก่อน Ny.7
สันป่าตั้ง,หนองแสง,ปากพลี,101.3091562,14.2247678,15.548295021057129,D-1 เชิงเขา/ฝนถิ่น,ท่วมจากฝนถิ่นก่อน Ny.7
ท่าด่าน,หินตั้ง,เมืองนครนายก,101.30949545,14.30100922,26.130165100097656,D+0 ตัวเมือง,พร้อม Ny.7
พรหมเพชร,โคกกรวด,ปากพลี,101.30969575,14.1819927,14.202672958374023,D-1 เชิงเขา/ฝนถิ่น,ท่วมจากฝนถิ่นก่อน Ny.7
หนองโปร่ง,หินตั้ง,เมืองนครนายก,101.31027247,14.28235601,17.86480712890625,D+0 ตัวเมือง,พร้อม Ny.7
คลองบ่อ,หินตั้ง,เมืองนครนายก,101.31136353,14.29342203,73.31363677978516,D+0 ตัวเมือง,พร้อม Ny.7
ไร่,หนองแสง,ปากพลี,101.3115664,14.21548848,12.35023021697998,D-1 เชิงเขา/ฝนถิ่น,ท่วมจากฝนถิ่นก่อน Ny.7
เนินหินแร่,หนองแสง,ปากพลี,101.3117031,14.21121547,20.767541885375977,D-1 เชิงเขา/ฝนถิ่น,ท่วมจากฝนถิ่นก่อน Ny.7
เลาคา,โคกกรวด,ปากพลี,101.31199197,14.1762597,10.416110038757324,D-1 เชิงเขา/ฝนถิ่น,ท่วมจากฝนถิ่นก่อน Ny.7
บุ่งเข้,หนองแสง,ปากพลี,101.31703335,14.23408059,41.559226989746094,D-1 เชิงเขา/ฝนถิ่น,ท่วมจากฝนถิ่นก่อน Ny.7
หนองหูลิงนอก,หนองแสง,ปากพลี,101.3173875,14.19455155,9.9169921875,D-1 เชิงเขา/ฝนถิ่น,ท่วมจากฝนถิ่นก่อน Ny.7
หุบเมย,หินตั้ง,เมืองนครนายก,101.31773488,14.27569913,52.23005294799805,D+0 ตัวเมือง,พร้อม Ny.7
นางรอง,นาหินลาด,ปากพลี,101.31792039,14.32263027,34.57325744628906,D-1 เชิงเขา/ฝนถิ่น,ท่วมจากฝนถิ่นก่อน Ny.7
เขาโคกกะบก,หินตั้ง,เมืองนครนายก,101.31838011,14.28765439,91.99176025390625,D+0 ตัวเมือง,พร้อม Ny.7
เขาดิน,หนองแสง,ปากพลี,101.31842565,14.22223664,27.185487747192383,D-1 เชิงเขา/ฝนถิ่น,ท่วมจากฝนถิ่นก่อน Ny.7
เหล่าหุ่ง,หนองแสง,ปากพลี,101.32291836,14.1909909,10.954617500305176,D-1 เชิงเขา/ฝนถิ่น,ท่วมจากฝนถิ่นก่อน Ny.7
ม่วง,โคกกรวด,ปากพลี,101.3230642,14.18661652,12.045549392700195,D-1 เชิงเขา/ฝนถิ่น,ท่วมจากฝนถิ่นก่อน Ny.7
เหล่าเดิ่น,หนองแสง,ปากพลี,101.32336952,14.20486288,13.331971168518066,D-1 เชิงเขา/ฝนถิ่น,ท่วมจากฝนถิ่นก่อน Ny.7
เนินสะทอน,โคกกรวด,ปากพลี,101.32445943,14.17871924,13.065078735351562,D-1 เชิงเขา/ฝนถิ่น,ท่วมจากฝนถิ่นก่อน Ny.7
เหล่าหุ่ง,โคกกรวด,ปากพลี,101.33148853,14.18792253,17.280887603759766,D-1 เชิงเขา/ฝนถิ่น,ท่วมจากฝนถิ่นก่อน Ny.7
หนองรี,นาหินลาด,ปากพลี,101.34046972,14.21182923,40.66463088989258,D-1 เชิงเขา/ฝนถิ่น,ท่วมจากฝนถิ่นก่อน Ny.7
วังม่วง,นาหินลาด,ปากพลี,101.34975196,14.22883651,31.71389389038086,D-1 เชิงเขา/ฝนถิ่น,ท่วมจากฝนถิ่นก่อน Ny.7
ซำ,นาหินลาด,ปากพลี,101.35236575,14.21767539,22.193912506103516,D-1 เชิงเขา/ฝนถิ่น,ท่วมจากฝนถิ่นก่อน Ny.7
ท่ามะปราง,นาหินลาด,ปากพลี,101.35285208,14.22063552,24.67371940612793,D-1 เชิงเขา/ฝนถิ่น,ท่วมจากฝนถิ่นก่อน Ny.7
เนินเหล่าสูง,นาหินลาด,ปากพลี,101.35392934,14.20361785,16.301576614379883,D-1 เชิงเขา/ฝนถิ่น,ท่วมจากฝนถิ่นก่อน Ny.7
เนินต้นไทร,นาหินลาด,ปากพลี,101.35516617,14.23249475,38.942726135253906,D-1 เชิงเขา/ฝนถิ่น,ท่วมจากฝนถิ่นก่อน Ny.7
เนินต้นโพธิ์,นาหินลาด,ปากพลี,101.35633152,14.21262337,19.58240509033203,D-1 เชิงเขา/ฝนถิ่น,ท่วมจากฝนถิ่นก่อน Ny.7
เนินบก,นาหินลาด,ปากพลี,101.35945448,14.20617917,17.256105422973633,D-1 เชิงเขา/ฝนถิ่น,ท่วมจากฝนถิ่นก่อน Ny.7
โคกสว่าง,นาหินลาด,ปากพลี,101.36523877,14.21145651,17.68706512451172,D-1 เชิงเขา/ฝนถิ่น,ท่วมจากฝนถิ่นก่อน Ny.7
ซำเมย,นาหินลาด,ปากพลี,101.36599155,14.23709463,114.03982543945312,D-1 เชิงเขา/ฝนถิ่น,ท่วมจากฝนถิ่นก่อน Ny.7
บุ่งหอย,นาหินลาด,ปากพลี,101.36693587,14.21461636,25.31108856201172,D-1 เชิงเขา/ฝนถิ่น,ท่วมจากฝนถิ่นก่อน Ny.7
น้อย,นาหินลาด,ปากพลี,101.36812668,14.22460046,28.70132827758789,D-1 เชิงเขา/ฝนถิ่น,ท่วมจากฝนถิ่นก่อน Ny.7
หัวนา,นาหินลาด,ปากพลี,101.37828645,14.21487766,24.51777458190918,D-1 เชิงเขา/ฝนถิ่น,ท่วมจากฝนถิ่นก่อน Ny.7
เนินจาน,นาหินลาด,ปากพลี,101.38039964,14.23221072,66.87522888183594,D-1 เชิงเขา/ฝนถิ่น,ท่วมจากฝนถิ่นก่อน Ny.7
เนินสูง,นาหินลาด,ปากพลี,101.38141778,14.21883603,27.301284790039062,D-1 เชิงเขา/ฝนถิ่น,ท่วมจากฝนถิ่นก่อน Ny.7
วังบอน,นาหินลาด,ปากพลี,101.38211972,14.22641723,34.81129837036133,D-1 เชิงเขา/ฝนถิ่น,ท่วมจากฝนถิ่นก่อน Ny.7
เขาเพิ่ม,เขาเพิ่ม,บ้านนา,101.096,14.362,24.927644729614258,D+0..+1 ฝั่งคลองบ้านนา,ตามหลังชั่วโมง-วัน
ทองหลาง,ทองหลาง,บ้านนา,101.037,14.207,3.4162166118621826,D+0..+1 ฝั่งคลองบ้านนา,ตามหลังชั่วโมง-วัน
บางอ้อ,บางอ้อ,บ้านนา,101.069,14.176,2.4823460578918457,D+0..+1 ฝั่งคลองบ้านนา,ตามหลังชั่วโมง-วัน
บ้านนา,บ้านนา,บ้านนา,101.059,14.262,10.051741600036621,D+0..+1 ฝั่งคลองบ้านนา,ตามหลังชั่วโมง-วัน
บ้านพร้าว,บ้านพร้าว,บ้านนา,101.101,14.222,5.906827449798584,D+0..+1 ฝั่งคลองบ้านนา,ตามหลังชั่วโมง-วัน
บ้านพริก,บ้านพริก,บ้านนา,100.976,14.252,5.464027404785156,D+0..+1 ฝั่งคลองบ้านนา,ตามหลังชั่วโมง-วัน
ป่าขะ,ป่าขะ,บ้านนา,101.065,14.297,14.054520606994629,D+0..+1 ฝั่งคลองบ้านนา,ตามหลังชั่วโมง-วัน
พิกุลออก,พิกุลออก,บ้านนา,101.027,14.244,4.909971714019775,D+0..+1 ฝั่งคลองบ้านนา,ตามหลังชั่วโมง-วัน
ศรีกะอาง,ศรีกะอาง,บ้านนา,101.117,14.308,35.79262924194336,D+0..+1 ฝั่งคลองบ้านนา,ตามหลังชั่วโมง-วัน
อาษา,อาษา,บ้านนา,101.009,14.226,3.8084726333618164,D+0..+1 ฝั่งคลองบ้านนา,ตามหลังชั่วโมง-วัน
เกาะโพธิ์,เกาะโพธิ์,ปากพลี,101.231,14.156,4.176275730133057,D-1 เชิงเขา/ฝนถิ่น,ท่วมจากฝนถิ่นก่อน Ny.7
เกาะหวาย,เกาะหวาย,ปากพลี,101.271,14.175,5.325977325439453,D-1 เชิงเขา/ฝนถิ่น,ท่วมจากฝนถิ่นก่อน Ny.7
โคกกรวด,โคกกรวด,ปากพลี,101.306,14.18,12.847463607788086,D-1 เชิงเขา/ฝนถิ่น,ท่วมจากฝนถิ่นก่อน Ny.7
ท่าเรือ,ท่าเรือ,ปากพลี,101.235,14.085,2.818148136138916,D-1 เชิงเขา/ฝนถิ่น,ท่วมจากฝนถิ่นก่อน Ny.7
นาหินลาด,นาหินลาด,ปากพลี,101.457,14.317,432.55438232421875,D-1 เชิงเขา/ฝนถิ่น,ท่วมจากฝนถิ่นก่อน Ny.7
ปากพลี,ปากพลี,ปากพลี,101.263,14.132,4.230231285095215,D-1 เชิงเขา/ฝนถิ่น,ท่วมจากฝนถิ่นก่อน Ny.7
หนองแสง,หนองแสง,ปากพลี,101.307,14.211,12.118630409240723,D-1 เชิงเขา/ฝนถิ่น,ท่วมจากฝนถิ่นก่อน Ny.7
เขาพระ,เขาพระ,เมืองนครนายก,101.212,14.301,23.048969268798828,D+0 ตัวเมือง,พร้อม Ny.7
ดงละคร,ดงละคร,เมืองนครนายก,101.167,14.136,4.495776653289795,D+0 ตัวเมือง,พร้อม Ny.7
ดอนยอ,ดอนยอ,เมืองนครนายก,101.109,14.128,3.4952476024627686,D+0 ตัวเมือง,พร้อม Ny.7
ท่าช้าง,ท่าช้าง,เมืองนครนายก,101.176,14.192,9.49852180480957,D+0 ตัวเมือง,พร้อม Ny.7
ท่าทราย,ท่าทราย,เมืองนครนายก,101.111,14.174,3.5771334171295166,D+0 ตัวเมือง,พร้อม Ny.7
นครนายก,นครนายก,เมืองนครนายก,101.233,14.198,6.92168664932251,D+0 ตัวเมือง,พร้อม Ny.7
บ้านใหญ่,บ้านใหญ่,เมืองนครนายก,101.225,14.221,7.399087905883789,D+0 ตัวเมือง,พร้อม Ny.7
พรหมณี,พรหมณี,เมืองนครนายก,101.164,14.264,10.69311237335205,D+0 ตัวเมือง,พร้อม Ny.7
วังกระโจม,วังกระโจม,เมืองนครนายก,101.212,14.176,4.0612382888793945,D+0 ตัวเมือง,พร้อม Ny.7
ศรีจุฬา,ศรีจุฬา,เมืองนครนายก,101.132,14.072,2.88327956199646,D+0 ตัวเมือง,พร้อม Ny.7
ศรีนาวา,ศรีนาวา,เมืองนครนายก,101.267,14.209,10.396808624267578,D+0 ตัวเมือง,พร้อม Ny.7
สาริกา,สาริกา,เมืองนครนายก,101.261,14.359,358.01837158203125,D+0 ตัวเมือง,พร้อม Ny.7
หินตั้ง,หินตั้ง,เมืองนครนายก,101.352,14.408,741.6085815429688,D+0 ตัวเมือง,พร้อม Ny.7
คลองใหญ่,คลองใหญ่,องครักษ์,100.98,14.127,3.1768651008605957,D+1 ท้ายลุ่ม,ตามหลัง ~1 วัน
ชุมพล,ชุมพล,องครักษ์,100.937,13.99,6.837403774261475,D+1 ท้ายลุ่ม,ตามหลัง ~1 วัน
ทรายมูล,ทรายมูล,องครักษ์,101.069,14.123,8.310714721679688,D+1 ท้ายลุ่ม,ตามหลัง ~1 วัน
บางปลากด,บางปลากด,องครักษ์,100.971,14.166,3.3435347080230713,D+1 ท้ายลุ่ม,ตามหลัง ~1 วัน
บางลูกเสือ,บางลูกเสือ,องครักษ์,101.066,14.054,5.3525919914245605,D+1 ท้ายลุ่ม,ตามหลัง ~1 วัน
บางสมบูรณ์,บางสมบูรณ์,องครักษ์,101.112,14.021,3.435269355773926,D+1 ท้ายลุ่ม,ตามหลัง ~1 วัน
บึงศาล,บึงศาล,องครักษ์,100.938,14.052,3.638580083847046,D+1 ท้ายลุ่ม,ตามหลัง ~1 วัน
พระอาจารย์,พระอาจารย์,องครักษ์,101.02,13.986,2.9120118618011475,D+1 ท้ายลุ่ม,ตามหลัง ~1 วัน
โพธิ์แทน,โพธิ์แทน,องครักษ์,100.949,14.208,5.058649063110352,D+1 ท้ายลุ่ม,ตามหลัง ~1 วัน
ศรีษะกระบือ,ศรีษะกระบือ,องครักษ์,100.986,14.043,3.4407687187194824,D+1 ท้ายลุ่ม,ตามหลัง ~1 วัน
องครักษ์,องครักษ์,องครักษ์,101.005,14.107,3.1485531330108643,D+1 ท้ายลุ่ม,ตามหลัง ~1 วัน
	บ้านนา,อ.	บ้านนา,บ้านนา,101.063988,14.264677,13.00053882598877,D+0..+1 ฝั่งคลองบ้านนา,ตามหลังชั่วโมง-วัน
	ปากพลี,อ.	ปากพลี,ปากพลี,101.271889,14.161943,7.427196025848389,D-1 เชิงเขา/ฝนถิ่น,ท่วมจากฝนถิ่นก่อน Ny.7
	เมืองนครนายก,อ.	เมืองนครนายก,เมืองนครนายก,101.220131,14.201194,5.959715366363525,D+0 ตัวเมือง,พร้อม Ny.7
	องครักษ์,อ.	องครักษ์,องครักษ์,101.007675,14.119474,3.4340593814849854,D+1 ท้ายลุ่ม,ตามหลัง ~1 วัน
นครนายก,จ.นครนายก,,101.220131,14.201194,5.959715366363525,นอกลุ่ม,-
