datetime,level_msl_m,q_cms,rain_mm
2026-09-25 00:00,4.260,146.700,76.000
2026-09-25 01:00,4.250,131.700,72.000
2026-09-25 02:00,4.250,139.800,18.500
2026-09-25 03:00,4.270,148.800,55.000
2026-09-25 04:00,4.300,133.800,
2026-09-25 05:00,4.320,160.100,
2026-09-25 06:00,4.360,153.500,
2026-09-25 07:00,4.440,171.300,
2026-09-25 08:00,4.540,182.700,
2026-09-25 09:00,4.660,203.400,
2026-09-25 10:00,4.790,198.000,
2026-09-25 11:00,4.890,202.000,
2026-09-25 12:00,4.960,212.300,
2026-09-25 13:00,5.020,228.600,
2026-09-25 14:00,5.060,253.400,
2026-09-25 15:00,5.100,245.300,
2026-09-25 16:00,5.140,248.800,
2026-09-25 17:00,5.190,252.800,
2026-09-25 18:00,5.250,274.900,
2026-09-25 19:00,5.320,287.500,
2026-09-25 20:00,5.400,299.400,
2026-09-25 21:00,5.470,285.600,
2026-09-25 22:00,5.540,305.700,
2026-09-25 23:00,5.590,313.600,
2026-09-26 00:00,5.640,304.800,
2026-09-26 01:00,5.660,326.500,
2026-09-26 02:00,5.670,303.600,
2026-09-26 03:00,5.680,305.000,
2026-09-26 04:00,5.670,302.000,
2026-09-26 05:00,5.660,298.700,
2026-09-26 06:00,5.650,298.600,
2026-09-26 07:00,5.650,287.400,
2026-09-26 08:00,5.680,309.600,
2026-09-26 09:00,5.690,282.300,
2026-09-26 10:00,5.700,314.100,
2026-09-26 11:00,5.730,312.200,
2026-09-26 12:00,5.790,313.900,
2026-09-26 13:00,5.870,318.200,
2026-09-26 14:00,5.960,346.800,
2026-09-26 15:00,6.090,308.600,
2026-09-26 16:00,6.190,336.300,
2026-09-26 17:00,6.300,353.000,
2026-09-26 18:00,6.420,382.800,
2026-09-26 19:00,6.520,357.900,
2026-09-26 20:00,6.610,380.200,
2026-09-26 21:00,6.700,389.500,
2026-09-26 22:00,6.790,424.100,
2026-09-26 23:00,6.890,404.800,
2026-09-27 00:00,6.980,436.800,
2026-09-27 01:00,7.070,422.300,
2026-09-27 02:00,7.160,474.400,
2026-09-27 03:00,7.230,472.900,
2026-09-27 04:00,7.320,517.900,
2026-09-27 05:00,7.440,594.900,
2026-09-27 06:00,7.540,601.500,
2026-09-27 07:00,7.590,624.500,
2026-09-27 08:00,7.650,578.800,
2026-09-27 09:00,7.650,592.100,
2026-09-27 10:00,7.680,587.300,
2026-09-27 11:00,7.660,609.500,
2026-09-27 12:00,7.660,564.700,
2026-09-27 13:00,7.660,617.900,
2026-09-27 14:00,7.630,626.600,
2026-09-27 15:00,7.620,615.300,
2026-09-27 16:00,7.590,608.500,
2026-09-27 17:00,7.590,567.600,
2026-09-27 18:00,7.580,598.800,
2026-09-27 19:00,7.580,597.000,
2026-09-27 20:00,7.550,619.500,
2026-09-27 21:00,7.520,607.500,
2026-09-27 22:00,7.500,561.600,
2026-09-27 23:00,7.480,554.600,
2026-09-28 00:00,7.450,519.600,
2026-09-28 01:00,7.450,579.200,
2026-09-28 02:00,7.420,524.800,
2026-09-28 03:00,7.410,554.400,
2026-09-28 04:00,7.390,542.000,
2026-09-28 05:00,7.410,572.800,
2026-09-28 06:00,7.410,565.500,
2026-09-28 07:00,7.390,525.700,
2026-09-28 08:00,7.380,555.800,
2026-09-28 09:00,7.380,499.700,
2026-09-28 10:00,7.370,540.500,
2026-09-28 11:00,7.370,471.700,
2026-09-28 12:00,7.370,470.400,
2026-09-28 13:00,7.360,529.600,
2026-09-28 14:00,7.380,499.900,
2026-09-28 15:00,7.350,484.600,
2026-09-28 16:00,7.360,504.200,
2026-09-28 17:00,7.360,486.000,
2026-09-28 18:00,7.360,553.900,
2026-09-28 19:00,7.340,504.300,
2026-09-28 20:00,7.330,507.200,
2026-09-28 21:00,7.310,472.600,
2026-09-28 22:00,7.290,434.300,
2026-09-28 23:00,7.270,484.800,
